ror_display_name,ror_id,data_dump_id,data_dump_ror_display_name,csv_url,data_dump_url
MBI - Marietta-Blau-Institut für Teilchenphysik,,https://ror.org/028bsh698,Austrian Centre for Digital Humanities,https://www.oeaw.ac.at/mbi/,https://www.oeaw.ac.at/acdh/
Kaiser Permanente Fremont Medical Center,,https://ror.org/00t60zh31,Kaiser Permanente,https://healthy.kaiserpermanente.org/northern-california/facilities/fremont-medical-center-100367,https://healthy.kaiserpermanente.org/
ESPI Montpellier,,https://ror.org/021r2cx19,École Supérieure des Professions Immobilières,https://groupe-espi.fr/campus/espi-montpellier/,https://groupe-espi.fr
ESPI Bordeaux,,https://ror.org/021r2cx19,École Supérieure des Professions Immobilières,https://groupe-espi.fr/campus/espi-bordeaux/,https://groupe-espi.fr
ESPI Lille,,https://ror.org/021r2cx19,École Supérieure des Professions Immobilières,https://groupe-espi.fr/campus/espi-lille/,https://groupe-espi.fr
ESPI Lyon,,https://ror.org/021r2cx19,École Supérieure des Professions Immobilières,https://groupe-espi.fr/campus/espi-lyon/,https://groupe-espi.fr
ESPI Nantes,,https://ror.org/021r2cx19,École Supérieure des Professions Immobilières,https://groupe-espi.fr/campus/espi-nantes/,https://groupe-espi.fr
ESPI Marseille,,https://ror.org/021r2cx19,École Supérieure des Professions Immobilières,https://groupe-espi.fr/campus/espi-marseille/,https://groupe-espi.fr
ESPI Paris,,https://ror.org/021r2cx19,École Supérieure des Professions Immobilières,https://groupe-espi.fr/campus/espi-paris/,https://groupe-espi.fr
Center for Tobacco Products*en,,https://ror.org/05jmhh281,National Center for Toxicological Research,https://www.fda.gov/about-fda/fda-organization/center-tobacco-products,https://www.fda.gov/AboutFDA/CentersOffices/OC/OfficeofScientificandMedicalPrograms/NCTR/
"Monash University, Indonesia*en",,https://ror.org/02bfwt286,Monash University,https://www.monash.edu/indonesia,https://www.monash.edu
Institut quantique*fr,,https://ror.org/00kybxq39,Université de Sherbrooke,https://www.usherbrooke.ca/iq/fr,https://www.usherbrooke.ca
Communauté d'universités et établissements de Toulouse*fr,,https://ror.org/004raaa70,Université Fédérale de Toulouse Midi-Pyrénées,https://www.univ-toulouse.fr,https://www.univ-toulouse.fr
Amity University Gurugram*en,,https://ror.org/04ygdhc67,Amity University Bengaluru,https://www.amity.edu/gurugram,https://www.amity.edu/bengaluru/
Ministry of Agriculture and Forestry*en,,https://ror.org/0174skq71,Tarımsal Araştırmalar ve Politikalar Genel Müdürlüğü,https://www.tarimorman.gov.tr,https://www.tarimorman.gov.tr/TAGEM
Institut de pharmacologie de Sherbrooke*fr,,https://ror.org/00kybxq39,Université de Sherbrooke,https://www.usherbrooke.ca/ips/,https://www.usherbrooke.ca
Amity University Mumbai*en,,https://ror.org/04ygdhc67,Amity University Bengaluru,https://www.amity.edu/mumbai,https://www.amity.edu/bengaluru/
Amity University Madhya Pradesh*en,,https://ror.org/04ygdhc67,Amity University Bengaluru,https://www.amity.edu/gwalior,https://www.amity.edu/bengaluru/
Amity University Jaipur*en,,https://ror.org/04ygdhc67,Amity University Bengaluru,https://www.amity.edu/jaipur,https://www.amity.edu/bengaluru/
Heidelberg Institute of Global Health*en,,https://ror.org/013czdx64,University Hospital Heidelberg,https://www.klinikum.uni-heidelberg.de/heidelberger-institut-fuer-global-health/,https://www.klinikum.uni-heidelberg.de/Startseite.2.0.html?&no_cache=1
Centre for Ultrastructural Imaging*en,,https://ror.org/0220mzb33,King's College London,https://www.kcl.ac.uk/research/facilities/cui,http://www.kcl.ac.uk/index.aspx
Aegean Agricultural Research Institute*en,,https://ror.org/056f75089,Plant Protection Central Research Institute,https://arastirma.tarimorman.gov.tr/etae/Sayfalar/EN/Anasayfa.aspx,https://arastirma.tarimorman.gov.tr/zmmae
Centro Regional de Ciências Nucleares do Nordeste*pt,,https://ror.org/05e43h690,Agência Nacional de Telecomunicações,https://www.gov.br/crcnne/,https://www.gov.br/anatel/
Ukrainian Research Institute of Oils and Fats of the National Academy of Agrarian Sciences of Ukraine*en,,https://ror.org/01jrsh341,Tudatosan a Környezetünkért Egyesület,https://sites.google.com/view/fatoil/,https://sites.google.com/site/tudatoskornyezet/
"Ministry of Education, Saudi Arabia*en",,https://ror.org/044weyr28,Saudi Arabian Cultural Bureau,https://moe.gov.sa/ar/,https://moe.gov.sa/en/contactus/pages/culturalmissions.aspx
Seattle Children's Research Institute*en,,https://ror.org/01njes783,Seattle Children's Hospital,https://www.seattlechildrens.org/research/research-institute/,https://www.seattlechildrens.org/
National Observation and Research Station of Coastal Ecological Environments in Macao*en,,https://ror.org/03jqs2n27,Macau University of Science and Technology,https://www.must.edu.mo/imedia/expert-list/norsceem,https://www.must.edu.mo
"Swedish University of Agricultural Sciences, Alnarp*en",,https://ror.org/02yy8x990,Swedish University of Agricultural Sciences,https://www.slu.se/en/about-slu/visit-slu/locations-and-campuses/alnarp/,http://www.slu.se/en/
Sidama Regional Health Bureau*en,,https://ror.org/05754mh78,Hawela Tula General Hospital,https://www.shb.gov.et/HEALTH/,https://www.shb.gov.et
Marietta-Blau-Institut für Teilchenphysik*de;,,https://ror.org/028bsh698,Austrian Centre for Digital Humanities,https://www.oeaw.ac.at/mbi/,https://www.oeaw.ac.at/acdh/
ArianeGroup Les Mureaux (France)*en,,https://ror.org/05p5eax82,ArianeGroup (France),https://ariane.group/en/who-we-are/our-sites/,https://www.ariane.group
Hellenic Mediterranean University Research and Innovation Center*en,,https://ror.org/039ce0m20,Hellenic Mediterranean University,https://hmu.gr/en/research/university-research-and-innovation-center/,https://hmu.gr
Sekolah Tinggi Ilmu Ekonomi Widya Wiwaha*id,,https://ror.org/02ntewc24,Sekolah Tinggi Ilmu Ekonomi Widya Wiwaha,https://stieww.ac.id,https://stieww.ac.id
bioMérieux (United Kingdom)*en,,https://ror.org/03hf69k85,bioMérieux (France),https://www.biomerieux.com,http://www.biomerieux.com/en/
Institut für vergleichende Städtegeschichte*de,,https://ror.org/00pd74e08,University of Münster,https://www.uni-muenster.de/Staedtegeschichte/,https://www.uni-muenster.de
"Sport, Activité Physique, Rééducation et Motricité pour la performance et la santé*fr",,https://ror.org/014zrew76,Université d'Orléans,https://www.univ-orleans.fr/fr/saprem,https://www.univ-orleans.fr
Red Hat (Canada)*en,,https://ror.org/0414wmq03,Red Hat (Israel),https://www.redhat.com,https://www.redhat.com/en
AIMOKA: Advanced and Innovative MOdeling for percutaneous Cancer tumor Ablation*en,,https://ror.org/05pv6tc14,MATHERIALS: MATHematics for MatERIALS,https://www.inria.fr/fr/aimoka,https://www.inria.fr/equipes/matherials
Fundación Instituto Zuliano de Investigaciones Tecnológicas*es,,https://ror.org/05av3zn15,Fundación Instituto Zuliano de Investigaciones Tecnológicas (INZIT),https://www.inzit.gob.ve,https://www.inzit.gob.ve
REGALIA: Régulation de l'Intelligence Artificielle*fr,,https://ror.org/05pv6tc14,MATHERIALS: MATHematics for MatERIALS,https://inria.fr/regalia,https://www.inria.fr/equipes/matherials
Mid-West University*en,,https://ror.org/05hf7ba61,Mid Western University,https://www.mwu.edu.np,https://www.mwu.edu.np
Tecnológico Nacional de México Campus Valladolid*es,,https://ror.org/02jnv7t64,Tecnológico Nacional de México Campus Valladolid,https://valladolid.tecnm.mx,https://valladolid.tecnm.mx
State Museum of Nature of V. N. Karazin Kharkiv National University*en,,https://ror.org/03ftejk10,V. N. Karazin Kharkiv National University,https://karazin.ua/en/kultura/muzei-prirodi/,https://karazin.ua
Beijing Institute of Control Engineering*en,,https://ror.org/025397a59,China Academy of Space Technology,https://www.cast.cn/news/4073,http://www.cast.cn/
