issue_url,ror_display_name,ror_id,data_dump_id,data_dump_ror_display_name,csv_url,data_dump_url
https://ror.org/000025p04,Thailand Science Research and Innovation,https://ror.org/000025p04,https://ror.org/000025p04,Thailand Science Research and Innovation,https://www.tsri.or.th,https://www.tsri.or.th
https://ror.org/00013q465,Pontificia Universidad Católica del Perú,https://ror.org/00013q465,https://ror.org/00013q465,Pontifical Catholic University of Peru,http://www.pucp.edu.pe/,http://www.pucp.edu.pe/
https://ror.org/0006e6p34,ECOLOG-Institut für sozial-ökologische Forschung und Bildung,https://ror.org/0006e6p34,https://ror.org/0006e6p34,ECOLOG-Institut für sozial-ökologische Forschung und Bildung,https://www.ecolog-institut.de/,https://www.ecolog-institut.de/
https://ror.org/0008bth81,Mezo Research (Australia),https://ror.org/0008bth81,https://ror.org/0008bth81,Mezo Research (Australia),http://mezo.com.au,https://www.mezo.com.au/
https://ror.org/000xkb537,Ronin Institute for Independent Scholarship 2.0,https://ror.org/000xkb537,https://ror.org/000xkb537,Ronin Institute for Independent Scholarship 2.0,https://ronininstitute.org,https://ronininstitute.org
https://ror.org/001695n52,Institut des Maladies Neurodégénératives,https://ror.org/001695n52,https://ror.org/001695n52,Institut des Maladies Neurodégénératives,https://www.imn-bordeaux.org,http://www.imn-bordeaux.org/en/
https://ror.org/002t25c44,Université Paris 1 Panthéon-Sorbonne,https://ror.org/002t25c44,https://ror.org/0041am420,Institut des sciences juridique et philosophique de la Sorbonne,https://www.pantheonsorbonne.fr,https://www.pantheonsorbonne.fr/unites-de-recherche/isjps/
https://ror.org/002tchr49,"Jawaharlal Nehru Technological University, Hyderabad",https://ror.org/002tchr49,https://ror.org/002tchr49,"Jawaharlal Nehru Technological University, Hyderabad",https://www.jntuh.ac.in,https://www.jntuh.ac.in
https://ror.org/003sav189,Oldenburger Institut für Informatik,https://ror.org/003sav189,https://ror.org/003sav189,Oldenburger Institut für Informatik,https://www.offis.de,http://www.offis.de/en/start.html
https://ror.org/003sscq03,Physiologie et Médecine Expérimentale du Coeur et des Muscles,https://ror.org/003sscq03,https://ror.org/003sscq03,Physiologie et Médecine Expérimentale du Coeur et des Muscles,https://www.phymedexp.com,https://www.phymedexp.com
https://ror.org/003tsz145,Frauenklinik der Technischen Universität München,https://ror.org/003tsz145,https://ror.org/003tsz145,Frauenklinik der Technischen Universität München,http://www.frauenklinik.med.tum.de/,http://www.frauenklinik.med.tum.de/
https://ror.org/003vg9w96,"Institut National de Recherche pour l'Agriculture, l'Alimentation et l'Environnement",https://ror.org/003vg9w96,https://ror.org/003vg9w96,"Institut National de Recherche pour l'Agriculture, l'Alimentation et l'Environnement",https://www.inrae.fr/,https://www.inrae.fr/
https://ror.org/0042bdc75,Alphacrucis University College,https://ror.org/0042bdc75,https://ror.org/0042bdc75,Alphacrucis College,https://www.ac.edu.au/,https://www.ac.edu.au/
https://ror.org/004ezwb23,State Tax University,https://ror.org/004ezwb23,https://ror.org/004ezwb23,State Tax University,https://dpu.edu.ua,https://dpu.edu.ua
https://ror.org/006q88a11,Nusa Putra University,https://ror.org/006q88a11,https://ror.org/006q88a11,Nusa Putra University,https://nusaputra.ac.id,https://nusaputra.ac.id
https://ror.org/0070z0z95,Thüringer Landesamt für Denkmalpflege und Archäologie,https://ror.org/0070z0z95,https://ror.org/0070z0z95,Thüringisches Landesamt für Denkmalpflege und Archäologie,https://denkmalpflege.thueringen.de,https://denkmalpflege.thueringen.de
https://ror.org/007g5gk82,University of Belgrade – Faculty of Orthodox Theology,https://ror.org/007g5gk82,https://ror.org/007g5gk82,University of Belgrade – Faculty of Orthodox Theology,https://bfspc.bg.ac.rs,https://bfspc.bg.ac.rs
https://ror.org/0084te143,Centre Hospitalier Universitaire de Besançon,https://ror.org/0084te143,https://ror.org/03n6qxm88,Hôpital Saint-Jacques,http://www.chu-besancon.fr,http://www.chu-besancon.fr/
https://ror.org/0085r3413,Higher School of Saharan Agriculture - El Oued,https://ror.org/0085r3413,https://ror.org/0085r3413,Higher School of Saharan Agriculture - El Oued,https://esas-eloued.dz,https://esas-eloued.dz
https://ror.org/008d2qg16,International Leadership Collège,https://ror.org/008d2qg16,https://ror.org/008d2qg16,International Leadership University,https://ilu.edu.mm,https://ilu.edu.mm
https://ror.org/008mx9f83,Institute for Particle and Nuclear Physics,https://ror.org/008mx9f83,https://ror.org/035dsb084,HUN-REN Wigner Research Centre for Physics,https://wigner.hu/en/institute-particle-and-nuclear-physics,https://wigner.hu
https://ror.org/008tw4n61,Cognition and Action Group,https://ror.org/008tw4n61,https://ror.org/008tw4n61,Cognition and Action Group,https://rnsr.adc.education.fr/structure/201420757F,https://rnsr.adc.education.fr/structure/201420757F
https://ror.org/009tqys91,Cancer Consortium,https://ror.org/009tqys91,https://ror.org/018da3y22,Fred Hutchinson/University of Washington/Seattle Children’s Cancer Consortium,https://www.cancerconsortium.org,https://www.cancerconsortium.org
https://ror.org/00b9ktm87,Amazon (Germany),https://ror.org/00b9ktm87,https://ror.org/00b9ktm87,Amazon (Germany),https://www.amazon.de,https://www.amazon.de
https://ror.org/00be8mn93,Children’s Health Queensland Hospital and Health Service,https://ror.org/00be8mn93,https://ror.org/00be8mn93,Children’s Health Queensland Hospital and Health Service,https://www.childrens.health.qld.gov.au/,https://www.childrens.health.qld.gov.au/
https://ror.org/00bgk9508,Politecnico di Torino,https://ror.org/00bgk9508,https://ror.org/00bgk9508,Polytechnic University of Turin,https://www.polito.it,https://www.polito.it
https://ror.org/00bj04t22,"Sciences, Philosophie, Humanités",https://ror.org/00bj04t22,https://ror.org/00bj04t22,"Sciences, Philosophie, Humanités",https://www.sph.u-bordeaux.fr,https://www.sph.u-bordeaux.fr
https://ror.org/00bnagp43,Instituto de Productos Lácteos de Asturias,https://ror.org/00bnagp43,https://ror.org/00bnagp43,Instituto de Productos Lácteos de Asturias,https://www.ipla.csic.es,https://www.ipla.csic.es
https://ror.org/00byekp78,CHAM - Centro de Humanidades,https://ror.org/00byekp78,https://ror.org/00byekp78,CHAM Centro de Humanidades,https://cham.fcsh.unl.pt,https://cham.fcsh.unl.pt
https://ror.org/00cd48p72,Établissement public Campus Condorcet,https://ror.org/00cd48p72,https://ror.org/00cd48p72,Campus Condorcet,https://www.campus-condorcet.fr,https://www.campus-condorcet.fr
https://ror.org/00cm89a33,University of Belgrade – Faculty of Veterinary Medicine,https://ror.org/00cm89a33,https://ror.org/00cm89a33,University of Belgrade – Faculty of Veterinary Medicine,http://www.vet.bg.ac.rs,http://www.vet.bg.ac.rs
https://ror.org/00cyydd11,University of Eastern Finland,https://ror.org/00cyydd11,https://ror.org/00cyydd11,University of Eastern Finland,https://www.uef.fi,https://www.uef.fi
https://ror.org/00d7xrm67,Graz University of Technology,https://ror.org/00d7xrm67,https://ror.org/00d7xrm67,Graz University of Technology,https://www.tugraz.at,https://www.tugraz.at
https://ror.org/00davry38,Tecnológico Nacional de México,https://ror.org/00davry38,https://ror.org/00davry38,Tecnológico Nacional de México,https://www.tecnm.mx,https://www.tecnm.mx
https://ror.org/00dgnn742,University of Science and Technology of Fujairah,https://ror.org/00dgnn742,https://ror.org/00dgnn742,University of Science and Technology of Fujairah,https://www.ustf.ac.ae,https://www.ustf.ac.ae
https://ror.org/00ez5eh91,Center for Advanced Biomaterials for Healthcare,https://ror.org/00ez5eh91,https://ror.org/042t93s57,Italian Institute of Technology,https://www.iit.it/cabhc-crib,https://www.iit.it/
https://ror.org/00f30ft24,ALS (Czechia),https://ror.org/00f30ft24,https://ror.org/00f30ft24,ALS (Czechia),https://www.alsglobal.cz,http://alsglobal.cz/
https://ror.org/00fw8bp86,Centre de physique des particules de Marseille,https://ror.org/00fw8bp86,https://ror.org/00fw8bp86,Centre de physique des particules de Marseille,https://www.cppm.in2p3.fr,https://www.cppm.in2p3.fr
https://ror.org/00g1dnz14,University of Belgrade – Faculty of Economics and Business,https://ror.org/00g1dnz14,https://ror.org/00g1dnz14,University of Belgrade – Faculty of Economics and Business,https://www.ekof.bg.ac.rs,https://www.ekof.bg.ac.rs
https://ror.org/00g5sqv46,Universitat Rovira i Virgili,https://ror.org/00g5sqv46,https://ror.org/00g5sqv46,Universitat Rovira i Virgili,https://www.urv.cat,https://www.urv.cat
https://ror.org/00ggpsq73,Otto-von-Guericke-Universität Magdeburg,https://ror.org/00ggpsq73,https://ror.org/00ggpsq73,Otto-von-Guericke University Magdeburg,https://www.ovgu.de,http://www.ovgu.de/unimagdeburg/en/Otto+von+Guericke+University+Magdeburg.html
https://ror.org/00gjv5s24,H.S. Skovoroda Kharkiv National Pedagogical University,https://ror.org/00gjv5s24,https://ror.org/00gjv5s24,H.S. Skovoroda Kharkiv National Pedagogical University,http://hnpu.edu.ua,http://hnpu.edu.ua
https://ror.org/00gygcg63,East Bay Community Recovery Project,https://ror.org/00gygcg63,https://ror.org/02rrh1r89,LifeLong Medical Care,https://lifelongmedical.org/ebcrp,https://lifelongmedical.org
https://ror.org/00h4fkb86,Hrvatski zavod za javno zdravstvo,https://ror.org/00h4fkb86,https://ror.org/00h4fkb86,Hrvatski zavod za javno zdravstvo,https://www.hzjz.hr,https://www.hzjz.hr
https://ror.org/00hgq1a05,Arctic Monitoring And Assessment Programme,https://ror.org/00hgq1a05,https://ror.org/00hgq1a05,Arctic Monitoring And Assessment Programme,https://www.amap.no,http://www.amap.no/
https://ror.org/00hr9sq71,EMPENN: Neuroimagerie: méthodes et applications,https://ror.org/00hr9sq71,https://ror.org/05pv6tc14,MATHERIALS: MATHematics for MatERIALS,https://www.inria.fr/equipes/empenn,https://www.inria.fr/equipes/matherials
https://ror.org/00hx6zz33,École Normale Supérieure Paris-Saclay,https://ror.org/00hx6zz33,https://ror.org/00hx6zz33,École Normale Supérieure Paris-Saclay,http://ens-paris-saclay.fr/,http://ens-paris-saclay.fr/
https://ror.org/00j75pt62,Technická univerzita vo Zvolene,https://ror.org/00j75pt62,https://ror.org/00j75pt62,Technical University of Zvolen,https://www.tuzvo.sk,https://www.tuzvo.sk
https://ror.org/00je4t102,National Academy of Sciences of Ukraine,https://ror.org/00je4t102,https://ror.org/00je4t102,National Academy of Sciences of Ukraine,http://www.nas.gov.ua/en/,http://www.nas.gov.ua/en/
https://ror.org/00kybxq39,Université de Sherbrooke,https://ror.org/00kybxq39,https://ror.org/00kybxq39,Université de Sherbrooke,https://www.usherbrooke.ca,https://www.usherbrooke.ca
https://ror.org/00n8bqs64,Institute of Informatics Problems,https://ror.org/00n8bqs64,https://ror.org/00n8bqs64,Institute of Informatics Problems,http://www.ipiran.ru,http://www.ipiran.ru/english/main.asp
https://ror.org/00prgcp98,Hospital do Câncer III,https://ror.org/00prgcp98,https://ror.org/00prgcp98,Hospital do Câncer III,https://www.inca.gov.br/atendimento-inca/hospital-do-cancer-iii,https://www.inca.gov.br/atendimento-inca/hospital-do-cancer-iii
https://ror.org/00q7d9z06,NILU,https://ror.org/00q7d9z06,https://ror.org/00q7d9z06,NILU,https://nilu.com,https://nilu.com
https://ror.org/00q919b81,Ministry of Education,https://ror.org/00q919b81,https://ror.org/044weyr28,Saudi Arabian Cultural Bureau,https://moe.gov.sa,https://moe.gov.sa/en/contactus/pages/culturalmissions.aspx
https://ror.org/00r7apq26,ERN Board of Member States,https://ror.org/00r7apq26,https://ror.org/01qanyf14,"Directorate-General for Employment, Social Affairs and Inclusion",https://ec.europa.eu/health/european-reference-networks/board-member-states_en,https://ec.europa.eu/social/
https://ror.org/00r8amq78,LIttoral ENvironnement et Sociétés,https://ror.org/00r8amq78,https://ror.org/00r8amq78,LIttoral ENvironnement et Sociétés,https://lienss.univ-larochelle.fr,https://lienss.univ-larochelle.fr
https://ror.org/00r9xw041,Stiftelsen Olle Engkvist Byggmästare,https://ror.org/00r9xw041,https://ror.org/00r9xw041,Stiftelsen Olle Engkvist Byggmästare,http://engkviststiftelserna.se/,http://engkviststiftelserna.se/
https://ror.org/00sfd8n43,Consorci d’Atenció Primària de Salut Barcelona Esquerra,https://ror.org/00sfd8n43,https://ror.org/00sfd8n43,Consorci d’Atenció Primària de Salut Barcelona Esquerra,https://www.capsbe.cat,http://www.capsbe.cat/
https://ror.org/00stg1k53,Institute of Philosophy,https://ror.org/00stg1k53,https://ror.org/00stg1k53,Institute of Philosophy,http://www.phil-inst.hu/en/,http://www.phil-inst.hu/en/
https://ror.org/00t6d2469,University of Belgrade - Faculty of Architecture,https://ror.org/00t6d2469,https://ror.org/00t6d2469,University of Belgrade - Faculty of Architecture,https://www.arh.bg.ac.rs,https://www.arh.bg.ac.rs
https://ror.org/00tgr2h49,Computer Equipment and Technologies,https://ror.org/00tgr2h49,https://ror.org/00tgr2h49,Computer Equipment and Technologies,http://ras.ru,http://ras.ru
https://ror.org/00w035z87,State Library of Oregon,https://ror.org/00w035z87,https://ror.org/028tfkh72,Oregon Department of Transportation,https://www.oregon.gov/library/Pages/default.aspx,https://www.oregon.gov/ODOT
https://ror.org/00wb5fq03,University of Belgrade – Faculty of Biology,https://ror.org/00wb5fq03,https://ror.org/00wb5fq03,University of Belgrade – Faculty of Biology,https://www.bio.bg.ac.rs,https://www.bio.bg.ac.rs
https://ror.org/00whkrf32,Division of Graduate Education,https://ror.org/00whkrf32,https://ror.org/05v01mk25,Division of Earth Sciences,https://www.nsf.gov/edu/dge,http://www.nsf.gov/div/index.jsp?div=ear
https://ror.org/00xhvk795,Institute for Literary Studies,https://ror.org/00xhvk795,https://ror.org/00xhvk795,Institute for Literary Studies,http://www.iti.mta.hu/index-eng.html,http://www.iti.mta.hu/index-eng.html
https://ror.org/00yee3n23,Laboratoire d'Astrophysique de Bordeaux,https://ror.org/00yee3n23,https://ror.org/00yee3n23,Laboratoire d'Astrophysique de Bordeaux,https://astrophy.u-bordeaux.fr,https://astrophy.u-bordeaux.fr
https://ror.org/00yqy0q42,Shared Health,https://ror.org/00yqy0q42,https://ror.org/03rvea339,Shared Health Manitoba,https://sharedhealthmb.ca,https://sharedhealthmb.ca
https://ror.org/0105rz203,Pädagogische Hochschule Wien,https://ror.org/0105rz203,https://ror.org/0105rz203,Pädagogische Hochschule Wien,https://phwien.ac.at,https://phwien.ac.at
https://ror.org/010pmpe69,Lomonosov Moscow State University,https://ror.org/010pmpe69,https://ror.org/010pmpe69,Lomonosov Moscow State University,http://www.msu.ru/en/,http://www.msu.ru/en/
https://ror.org/010xv5017,University of Belgrade – Faculty of Organizational Sciences,https://ror.org/010xv5017,https://ror.org/010xv5017,University of Belgrade – Faculty of Organizational Sciences,https://fon.bg.ac.rs,https://fon.bg.ac.rs
https://ror.org/011ywze69,Società Romana di Scienze Naturali ETS,https://ror.org/011ywze69,https://ror.org/011ywze69,Società Romana di Scienze Naturali,https://www.srsn.it,http://www.srsn.it
https://ror.org/012wmz893,University of Belgrade - Faculty of Special Education and Rehabilitation,https://ror.org/012wmz893,https://ror.org/012wmz893,University of Belgrade - Faculty of Special Education and Rehabilitation,http://www.fasper.bg.ac.rs,http://www.fasper.bg.ac.rs
https://ror.org/012zmcc30,Laboratory for the Bioengineering of Tissues,https://ror.org/012zmcc30,https://ror.org/012zmcc30,Laboratory for the Bioengineering of Tissues,https://www.biotis-bordeaux.com,http://www.biotis-bordeaux.com
https://ror.org/0132xxe06,Melbourne Institute of Technology,https://ror.org/0132xxe06,https://ror.org/0132xxe06,Melbourne Institute of Technology,https://www.mit.edu.au,https://www.mit.edu.au
https://ror.org/013bkhk48,Université Paris Nanterre,https://ror.org/013bkhk48,https://ror.org/013bkhk48,Université Paris Nanterre,https://www.parisnanterre.fr,https://www.parisnanterre.fr
https://ror.org/013cf5k59,Ministry of Earth Sciences,https://ror.org/013cf5k59,https://ror.org/013cf5k59,Ministry of Earth Sciences,http://moes.gov.in/,http://moes.gov.in/
https://ror.org/013xs5b60,Capital Medical University,https://ror.org/013xs5b60,https://ror.org/013xs5b60,Capital Medical University,https://www.ccmu.edu.cn,https://www.ccmu.edu.cn
https://ror.org/013xvg556,École Nationale des Chartes,https://ror.org/013xvg556,https://ror.org/013xvg556,École Nationale des Chartes,http://www.enc-sorbonne.fr/en,http://www.enc-sorbonne.fr/en
https://ror.org/014anrn41,Akademia Ateneum w Gdańsku,https://ror.org/014anrn41,https://ror.org/014anrn41,Ateneum University,https://ateneum.edu.pl,http://www.ateneum.edu.pl/en/
https://ror.org/014tr1k14,Bayside Health Service,https://ror.org/014tr1k14,https://ror.org/00s894y88,Addiction and Mental Health Services - MSH,https://www.metrosouth.health.qld.gov.au/hospital-and-health-centres/redland-hospital,https://www.metrosouth.health.qld.gov.au
https://ror.org/014ybqb54,Hessian Center for Artificial Intelligence,https://ror.org/014ybqb54,https://ror.org/014ybqb54,Hessian Center for Artificial Intelligence,https://hessian.ai,https://hessian.ai
https://ror.org/016gd3115,Metro South Health,https://ror.org/016gd3115,https://ror.org/00s894y88,Addiction and Mental Health Services - MSH,https://metrosouth.health.qld.gov.au/,https://www.metrosouth.health.qld.gov.au
https://ror.org/016qd7r37,Hospital Universitario de Maracaibo,https://ror.org/016qd7r37,https://ror.org/016qd7r37,Hospital Universitario de Maracaibo,http://www.sahum.gob.ve/el-hospital/,http://www.sahum.gob.ve/el-hospital/
https://ror.org/016w23120,Protestant Theological University,https://ror.org/016w23120,https://ror.org/016w23120,Protestant Theological University,https://www.pthu.nl,https://www.pthu.nl
https://ror.org/016xsfp80,Radboud University Nijmegen,https://ror.org/016xsfp80,https://ror.org/016xsfp80,Radboud University Nijmegen,http://www.ru.nl/english/,http://www.ru.nl/english/
https://ror.org/017jj3e32,Al-Zahrawi University,https://ror.org/017jj3e32,https://ror.org/017jj3e32,Al-Zahrawi University College,https://alzahu.edu.iq,https://alzahu.edu.iq
https://ror.org/017pq2p92,Institutul National de Sanatate Publica,https://ror.org/017pq2p92,https://ror.org/017pq2p92,Institutul National de Sanatate Publica,http://www.insp.gov.ro,http://www.insp.gov.ro
https://ror.org/018apx651,North Central Catchment Management Authority,https://ror.org/018apx651,https://ror.org/018apx651,North Central Catchment Management Authority,https://www.nccma.vic.gov.au,http://www.nccma.vic.gov.au/
https://ror.org/018da3y22,Fred Hutchinson/University of Washington/Seattle Children’s Cancer Consortium,https://ror.org/018da3y22,https://ror.org/018da3y22,Fred Hutchinson/University of Washington/Seattle Children’s Cancer Consortium,https://www.cancerconsortium.org,https://www.cancerconsortium.org
https://ror.org/019950a73,Copenhagen Zoo,https://ror.org/019950a73,https://ror.org/019950a73,Copenhagen Zoo,https://www.zoo.dk,http://www.zoo.dk/204-vinter-i-zoo-2/?profile=English
https://ror.org/0199hds37,Université Sorbonne Paris Nord,https://ror.org/0199hds37,https://ror.org/0199hds37,Université Sorbonne Paris Nord,https://www.univ-spn.fr,https://www.univ-spn.fr
https://ror.org/019m6wk21,Algebra Bernays University,https://ror.org/019m6wk21,https://ror.org/019m6wk21,Algebra University College,https://www.algebra.hr/sveuciliste/,https://www.algebra.hr/sveuciliste/
https://ror.org/019q0z051,Rocky Mountain Advanced Computing Consortium,https://ror.org/019q0z051,https://ror.org/019q0z051,Rocky Mountain Advanced Computing Consortium,https://rmacc.org,https://rmacc.org
https://ror.org/01ae3dk53,National Parks and Wildlife Service,https://ror.org/01ae3dk53,https://ror.org/01ae3dk53,National Parks and Wildlife Service,https://www.nationalparks.nsw.gov.au,https://www.nationalparks.nsw.gov.au/
https://ror.org/01av3a615,Institut d'Investigació Sanitària Pere Virgili,https://ror.org/01av3a615,https://ror.org/01av3a615,Institut d'Investigació Sanitària Pere Virgili,http://www.iispv.cat/en_index.html,http://www.iispv.cat/en_index.html
https://ror.org/01bkbaq61,CERCA Institution,https://ror.org/01bkbaq61,https://ror.org/01bkbaq61,CERCA Institution,https://cerca.cat,https://cerca.cat
https://ror.org/01bqt7532,University of Belgrade – Technical Faculty in Bor,https://ror.org/01bqt7532,https://ror.org/01bqt7532,University of Belgrade – Technical Faculty in Bor,https://www.tfbor.bg.ac.rs,https://www.tfbor.bg.ac.rs
https://ror.org/01bynmm24,Hospital Universitario Santa Cristina,https://ror.org/01bynmm24,https://ror.org/03cg5md32,Hospital Universitario de La Princesa,https://www.comunidad.madrid/hospital/santacristina/,https://www.comunidad.madrid/hospital/laprincesa/
https://ror.org/01cf2sz15,Institut des Sciences de la Terre,https://ror.org/01cf2sz15,https://ror.org/01cf2sz15,Institut des Sciences de la Terre,https://www.isterre.fr,https://isterre.fr/?lang=en
https://ror.org/01ctbye80,National Herbarium and Plant Laboratories,https://ror.org/01ctbye80,https://ror.org/01ctbye80,National Herbarium and Plant Laboratories,https://kath.gov.np,https://kath.gov.np
https://ror.org/01d5vx451,Vall d'Hebron Institut de Recerca,https://ror.org/01d5vx451,https://ror.org/01d5vx451,Vall d'Hebron Institut de Recerca,https://vhir.vallhebron.com,https://vhir.vallhebron.com
https://ror.org/01dphnv87,National Institute of Pharmaceutical Education and Research (NIPER) - Ahmedabad,https://ror.org/01dphnv87,https://ror.org/01dphnv87,National Institute of Pharmaceutical Education and Research,https://niperahm.ac.in,https://www.niperahm.ac.in/
https://ror.org/01dvj3d25,Atmospheric Radiation Measurement User Facility,https://ror.org/01dvj3d25,https://ror.org/01dvj3d25,Atmospheric Radiation Measurement User Facility,https://arm.gov,https://arm.gov
https://ror.org/01e3kxx79,Brain Foundation,https://ror.org/01e3kxx79,https://ror.org/01e3kxx79,Brain Foundation,https://brainfoundation.org.au,http://brainfoundation.org.au/
https://ror.org/01eff5662,"Beijing Chao-Yang Hospital, Capital Medical University",https://ror.org/01eff5662,https://ror.org/01eff5662,Beijing Chao-Yang Hospital,http://www.bjcyh.com.cn,http://www.bjcyh.com.cn/english/
https://ror.org/01egbmk61,Clinique de l'Acte et PSychosexualité,https://ror.org/01egbmk61,https://ror.org/01egbmk61,Clinique de l'Acte et PSychosexualité,http://capsea4050.labo.univ-poitiers.fr/,http://capsea4050.labo.univ-poitiers.fr/
https://ror.org/01ehe5s81,Hospital Universitario de Getafe,https://ror.org/01ehe5s81,https://ror.org/03cg5md32,Hospital Universitario de La Princesa,https://www.comunidad.madrid/hospital/getafe/,https://www.comunidad.madrid/hospital/laprincesa/
https://ror.org/01f74x078,"State University ""Kyiv Aviation Institute""",https://ror.org/01f74x078,https://ror.org/01f74x078,"State University ""Kyiv Aviation Institute""",https://nau.edu.ua,http://nau.edu.ua/en/
https://ror.org/01gwm7a05,Government of South Africa,https://ror.org/01gwm7a05,https://ror.org/01gwm7a05,Government of South Africa,http://www.gov.za/,http://www.gov.za/
https://ror.org/01h4rra97,"Gouvernance, Risque, Environnement, Développement",https://ror.org/01h4rra97,https://ror.org/01h4rra97,"Gouvernance, Risque, Environnement, Développement",http://www.gred.ird.fr/,http://www.gred.ird.fr/
https://ror.org/01k9v9b21,Indianapolis Zoo,https://ror.org/01k9v9b21,https://ror.org/01k9v9b21,Indianapolis Zoo,https://www.indianapoliszoo.com,http://www.indianapoliszoo.com/SitePages/Home.aspx
https://ror.org/01kc65v41,"Fondazione ""Ugo Bordoni""",https://ror.org/01kc65v41,https://ror.org/01kc65v41,"Fondazione ""Ugo Bordoni""",http://www.fub.it/,http://www.fub.it/
https://ror.org/01ks6fw71,Pampanga State University,https://ror.org/01ks6fw71,https://ror.org/01ks6fw71,Pampanga State University,https://dhvsu.edu.ph,https://dhvsu.edu.ph
https://ror.org/01m3qaz74,PLGrid Infrastructure,https://ror.org/01m3qaz74,https://ror.org/01m3qaz74,Polish Grid Infrastructure,https://www.plgrid.pl,https://www.plgrid.pl
https://ror.org/01nw6qk38,Institut de Chimie de la Matière Condensée de Bordeaux,https://ror.org/01nw6qk38,https://ror.org/01nw6qk38,Institut de Chimie de la Matière Condensée de Bordeaux,https://www.icmcb-bordeaux.cnrs.fr,http://www.icmcb-bordeaux.cnrs.fr/
https://ror.org/01p07y544,Hryhorii Skovoroda University in Pereiaslav,https://ror.org/01p07y544,https://ror.org/01p07y544,Hryhorii Skovoroda University in Pereiaslav,https://uhsp.edu.ua,https://uhsp.edu.ua
https://ror.org/01p93h210,University of South Australia,https://ror.org/01p93h210,https://ror.org/01p93h210,University of South Australia,https://www.unisa.edu.au/,https://www.unisa.edu.au/
https://ror.org/01psm3828,Novartis (Israel),https://ror.org/01psm3828,https://ror.org/01psm3828,Novartis (Israel),https://www.novartis.co.il/,https://www.novartis.co.il/
https://ror.org/01pxwe438,McGill University,https://ror.org/01pxwe438,https://ror.org/05ghs6f64,Montreal Neurological Institute and Hospital,https://www.mcgill.ca,http://www.mcgill.ca/neuro/
https://ror.org/01q5d1g38,Thurrock Community Hospital,https://ror.org/01q5d1g38,https://ror.org/02wnqcb97,National Health Service,https://www.nhs.uk/Services/hospitals/overview/DefaultView.aspx?id=130229,https://www.nhs.uk/
https://ror.org/01qrny815,International Chemical Workers Union Council,https://ror.org/01qrny815,https://ror.org/01qrny815,International Chemical Workers Union,http://www.icwuc.org/,http://www.icwuc.org/
https://ror.org/01rde0531,Therapeutic Innovation Australia,https://ror.org/01rde0531,https://ror.org/01rde0531,Therapeutic Innovation Australia,https://therapeuticinnovation.com.au,https://therapeuticinnovation.com.au
https://ror.org/01rf1sn88,University of Belgrade - Faculty of Mining and Geology,https://ror.org/01rf1sn88,https://ror.org/01rf1sn88,University of Belgrade - Faculty of Mining and Geology,https://rgf.bg.ac.rs,https://rgf.bg.ac.rs
https://ror.org/01s4arm57,UniGuairacá Centro Universitário,https://ror.org/01s4arm57,https://ror.org/01s4arm57,Faculdade Guairacá,http://guairaca.com.br/,http://guairaca.com.br/
https://ror.org/01trdns33,Klinikum Magdeburg,https://ror.org/01trdns33,https://ror.org/01trdns33,Klinikum Magdeburg,https://www.klinikum-magdeburg.de/,https://www.klinikum-magdeburg.de/
https://ror.org/01tsa0x55,Environnements et Paléoenvironnements Océaniques et Continentaux,https://ror.org/01tsa0x55,https://ror.org/01tsa0x55,Environnements et Paléoenvironnements Océaniques et Continentaux,https://www.epoc.u-bordeaux.fr,https://www.epoc.u-bordeaux.fr
https://ror.org/01wmq0x68,Beykoz Üniversitesi,https://ror.org/01wmq0x68,https://ror.org/01wmq0x68,Beykoz Vocational School of Logistics,https://www.beykoz.edu.tr,http://www.beykoz.edu.tr/en/
https://ror.org/01x628269,Universidad Santo Tomás,https://ror.org/01x628269,https://ror.org/01x628269,Universidad Santo Tomás,https://usantotomas.edu.co,https://usantotomas.edu.co
https://ror.org/01xkakk17,HES-SO University of Applied Sciences and Arts Western Switzerland,https://ror.org/01xkakk17,https://ror.org/01xkakk17,HES-SO University of Applied Sciences and Arts Western Switzerland,https://www.hes-so.ch,https://www.hes-so.ch
https://ror.org/01y343k91,University of Belgrade - Faculty of Agriculture,https://ror.org/01y343k91,https://ror.org/01y343k91,University of Belgrade - Faculty of Agriculture,https://agrif.bg.ac.rs,https://agrif.bg.ac.rs
https://ror.org/01yp9g959,University of Ulster,https://ror.org/01yp9g959,https://ror.org/01yp9g959,University of Ulster,https://www.ulster.ac.uk,https://www.ulster.ac.uk
https://ror.org/01zjanb50,Japan International Science and Technology Exchange Center,https://ror.org/01zjanb50,https://ror.org/02v03bx32,Japan International Science and Technology Exchange Center,https://www.jistec.or.jp,https://www.jistec.or.jp
https://ror.org/02010jg37,Research Ireland Centre for Applied Geosciences,https://ror.org/02010jg37,https://ror.org/02010jg37,Irish Centre for Research in Applied Geosciences,https://www.icrag-centre.org,https://www.icrag-centre.org
https://ror.org/020cm6143,Laboratoire de recherches Intégratives en Neurosciences et psychologie Cognitive,https://ror.org/020cm6143,https://ror.org/020cm6143,Laboratoire de recherches Intégratives en Neurosciences et psychologie Cognitive,http://neurosciences.univ-fcomte.fr,http://neurosciences.univ-fcomte.fr
https://ror.org/020wtkd09,South African Council for Natural Scientific Professions,https://ror.org/020wtkd09,https://ror.org/020wtkd09,South African Council for Natural Scientific Professions,https://www.sacnasp.org.za,https://www.sacnasp.org.za
https://ror.org/021d7pd31,Primary Care Collaborative Clinical Trials Group,https://ror.org/021d7pd31,https://ror.org/021d7pd31,Primary Care Collaborative Clinical Trials Group,https://pc4tg.com.au,http://pc4tg.com.au/
https://ror.org/021kdsb71,École Nationale Supérieure d'Architecture de Saint-Étienne,https://ror.org/021kdsb71,https://ror.org/021kdsb71,École Nationale Supérieure d'Architecture de Saint-Étienne,https://www.st-etienne.archi.fr,http://www.st-etienne.archi.fr/
https://ror.org/023ag6d08,Lakeland Community College,https://ror.org/023ag6d08,https://ror.org/023ag6d08,Lakeland Community College,https://www.lakelandcc.edu,http://www.lakelandcc.edu/
https://ror.org/023c9tc12,University of Belgrade – Faculty of Philosophy,https://ror.org/023c9tc12,https://ror.org/023c9tc12,University of Belgrade – Faculty of Philosophy,https://www.f.bg.ac.rs,https://www.f.bg.ac.rs
https://ror.org/023dz9m50,Complexity Science Hub,https://ror.org/023dz9m50,https://ror.org/023dz9m50,Complexity Science Hub Vienna,https://csh.ac.at,http://csh.ac.at/index/
https://ror.org/023p80x55,Politeknik Negeri Lhokseumawe,https://ror.org/023p80x55,https://ror.org/023p80x55,Politeknik Negeri Lhokseumawe,https://pnl.ac.id,https://pnl.ac.id
https://ror.org/023qavy03,Baruch College,https://ror.org/023qavy03,https://ror.org/023qavy03,Baruch College,http://www.baruch.cuny.edu/,http://www.baruch.cuny.edu/
https://ror.org/023zg8w32,Institut National des Langues et Civilisations Orientales,https://ror.org/023zg8w32,https://ror.org/023zg8w32,Institut National des Langues et Civilisations Orientales,https://inalco.fr,https://inalco.fr
https://ror.org/024mt9310,"Langage, langues et cultures d'Afrique",https://ror.org/024mt9310,https://ror.org/024mt9310,"Langage, langues et Cultures d’Afrique Noire",https://llacan.cnrs.fr,https://llacan.cnrs.fr
https://ror.org/024yb0264,University of Belgrade – Faculty of Dental Medicine,https://ror.org/024yb0264,https://ror.org/024yb0264,University of Belgrade – Faculty of Dental Medicine,https://www.stomf.bg.ac.rs,https://www.stomf.bg.ac.rs
https://ror.org/025vp2923,Institut Mines-Télécom,https://ror.org/025vp2923,https://ror.org/025vp2923,Institut Mines-Télécom,https://www.imt.fr,https://www.imt.fr
https://ror.org/027defw95,Centre de Compétences NanoSciences Ile-de-France,https://ror.org/027defw95,https://ror.org/027defw95,Centre de Compétences NanoSciences Ile-de-France,http://cnanoidf.org/en/,http://cnanoidf.org/en/
https://ror.org/027rbaq21,Laboratoire Écologie Fonctionnelle et Environnement,https://ror.org/027rbaq21,https://ror.org/027rbaq21,Laboratoire Écologie Fonctionnelle et Environnement,http://www.ecolab.omp.eu/,http://www.ecolab.omp.eu/
https://ror.org/027xymc69,Agence Bibliographique de l'Enseignement Supérieur,https://ror.org/027xymc69,https://ror.org/027xymc69,Agence Bibliographique de l'Enseignement Supérieur,https://abes.fr,https://abes.fr
https://ror.org/0285t0292,University of Belgrade – Faculty of Medicine,https://ror.org/0285t0292,https://ror.org/0285t0292,University of Belgrade – Faculty of Medicine,http://www.mfub.bg.ac.rs,http://www.mfub.bg.ac.rs
https://ror.org/028cef883,Laboratoire Chrono-Environnement,https://ror.org/028cef883,https://ror.org/028cef883,Laboratoire Chrono-Environnement,https://chrono-environnement.univ-fcomte.fr/,https://chrono-environnement.univ-fcomte.fr/
https://ror.org/028yd4c30,"Division of Civil, Mechanical & Manufacturing Innovation",https://ror.org/028yd4c30,https://ror.org/05v01mk25,Division of Earth Sciences,https://www.nsf.gov/eng/cmmi,http://www.nsf.gov/div/index.jsp?div=ear
https://ror.org/029djt864,Akademie der bildenden Künste Wien,https://ror.org/029djt864,https://ror.org/029djt864,Academy of Fine Arts Vienna,https://www.akbild.ac.at,https://www.akbild.ac.at
https://ror.org/029gxzx35,Centre Chirurgical Marie Lannelongue,https://ror.org/029gxzx35,https://ror.org/029gxzx35,Centre Chirurgical Marie Lannelongue,http://www.ccml.fr/en/index_en.php,http://www.ccml.fr/en/index_en.php
https://ror.org/02at7qq57,University of Belgrade - Faculty of Transport and Traffic Engineering,https://ror.org/02at7qq57,https://ror.org/02at7qq57,University of Belgrade - Faculty of Transport and Traffic Engineering,https://www.sf.bg.ac.rs,https://www.sf.bg.ac.rs
https://ror.org/02bnf4x85,Université Simon Kimbangu,https://ror.org/02bnf4x85,https://ror.org/02bnf4x85,Université Simon Kimbangu,https://universitesk.org/,https://universitesk.org/
https://ror.org/02cnsac56,Institut national d'études démographiques,https://ror.org/02cnsac56,https://ror.org/02cnsac56,Institut national d'études démographiques,https://www.ined.fr,https://www.ined.fr
https://ror.org/02cte4b68,Institut de Chimie,https://ror.org/02cte4b68,https://ror.org/04b0z7q78,Institut des Sciences Humaines et Sociales,http://www.cnrs.fr/inc/index.htm,http://www.cnrs.fr/inshs/
https://ror.org/02d494190,The Africa Institute,https://ror.org/02d494190,https://ror.org/02d494190,The Africa Institute,https://www.theafricainstitute.org,https://www.theafricainstitute.org
https://ror.org/02d9dg697,École des hautes études en sciences sociales,https://ror.org/02d9dg697,https://ror.org/04aq4ab28,Centre d'études sociologiques et politiques Raymond-Aron,https://www.ehess.fr,https://www.ehess.fr/fr/centre-d%C3%A9tudes-sociologiques-et-politiques-raymond-aron-cespra
https://ror.org/02dpqcy73,Centre de Biophysique Moléculaire,https://ror.org/02dpqcy73,https://ror.org/02dpqcy73,Centre de Biophysique Moléculaire,http://cbm.cnrs-orleans.fr,http://cbm.cnrs-orleans.fr
https://ror.org/02ejcvx87,Ipswich City Council,https://ror.org/02ejcvx87,https://ror.org/02ejcvx87,Ipswich City Council,https://www.ipswich.qld.gov.au/Home,http://www.ipswich.qld.gov.au/
https://ror.org/02f9det96,University of Hildesheim,https://ror.org/02f9det96,https://ror.org/02f9det96,University of Hildesheim,https://www.uni-hildesheim.de,https://www.uni-hildesheim.de/en/uni/
https://ror.org/02feahw73,Centre National de la Recherche Scientifique,https://ror.org/02feahw73,https://ror.org/04b0z7q78,Institut des Sciences Humaines et Sociales,https://www.cnrs.fr,http://www.cnrs.fr/inshs/
https://ror.org/02g3h9440,Centro Alti Studi per la Difesa (CASD),https://ror.org/02g3h9440,https://ror.org/02g6avh54,Ministry of Defence,https://www.difesa.it/smd/casd/index/26451.html,http://www.difesa.it/Pagine/default.aspx
https://ror.org/02hcn4061,Centre Borelli,https://ror.org/02hcn4061,https://ror.org/015144r31,Trajectoires développementales & psychiatrie,https://centreborelli.ens-paris-saclay.fr,https://centreborelli.ens-paris-saclay.fr/fr/trajectoires-developpementales-psychiatrie
https://ror.org/02hp31992,Empenn,https://ror.org/02hp31992,https://ror.org/05pv6tc14,MATHERIALS: MATHematics for MatERIALS,https://www.inria.fr/fr/empenn,https://www.inria.fr/equipes/matherials
https://ror.org/02jyxgb86,University of Belgrade – Faculty of Technology and Metallurgy,https://ror.org/02jyxgb86,https://ror.org/02jyxgb86,University of Belgrade – Faculty of Technology and Metallurgy,http://www.tmf.bg.ac.rs,http://www.tmf.bg.ac.rs
https://ror.org/02k2mqt73,Family Court of Australia,https://ror.org/02k2mqt73,https://ror.org/02k2mqt73,Family Court of Australia,http://www.familycourt.gov.au/wps/wcm/connect/fcoaweb/home,http://www.familycourt.gov.au/wps/wcm/connect/fcoaweb/home
https://ror.org/02kkvpp62,Technical University of Munich,https://ror.org/02kkvpp62,https://ror.org/02kkvpp62,Technical University of Munich,https://www.tum.de,https://www.tum.de
https://ror.org/02ks8qq67,Hungarian Academy of Sciences,https://ror.org/02ks8qq67,https://ror.org/02ks8qq67,Hungarian Academy of Sciences,http://mta.hu/english/,http://mta.hu/english/
https://ror.org/02kyckx55,University of Akron,https://ror.org/02kyckx55,https://ror.org/02kyckx55,University of Akron,http://www.uakron.edu/,http://www.uakron.edu/
https://ror.org/02mw21745,Ruđer Bošković Institute,https://ror.org/02mw21745,https://ror.org/02mw21745,Rudjer Boskovic Institute,https://www.irb.hr,https://www.irb.hr
https://ror.org/02n0bts35,Medical University of Graz,https://ror.org/02n0bts35,https://ror.org/02n0bts35,Medical University of Graz,http://www.medunigraz.at/en/,http://www.medunigraz.at/en/
https://ror.org/02n2h9t24,Laboratoire des Composites Thermo Structuraux,https://ror.org/02n2h9t24,https://ror.org/02n2h9t24,Laboratoire des Composites Thermo Structuraux,https://lcts.cnrs.fr,https://lcts.cnrs.fr
https://ror.org/02nkd6y23,Instytut Archeologii i Etnologii,https://ror.org/02nkd6y23,https://ror.org/02nkd6y23,Instytut Archeologii i Etnologii,https://iaepan.edu.pl,http://www.iaepan.edu.pl/
https://ror.org/02nsv5p42,Pandit Deendayal Energy University,https://ror.org/02nsv5p42,https://ror.org/02nsv5p42,Pandit Deendayal Petroleum University,http://www.pdpu.ac.in/,http://www.pdpu.ac.in/
https://ror.org/02nx8n605,TU9,https://ror.org/02nx8n605,https://ror.org/02nx8n605,TU9,https://www.tu9.de,https://www.tu9.de
https://ror.org/02p2bgp27,Philips (Netherlands),https://ror.org/02p2bgp27,https://ror.org/02p2bgp27,Philips (Netherlands),https://www.philips.nl,http://www.philips.nl/?locale_org=global
https://ror.org/02pe71j59,National School of Artificial Intelligence,https://ror.org/02pe71j59,https://ror.org/02pe71j59,National Higher School of Artificial Intelligence,https://ensia.edu.dz,https://ensia.edu.dz
https://ror.org/02pqvpt18,Cambridge Intellectual Property (United Kingdom),https://ror.org/02pqvpt18,https://ror.org/02pqvpt18,Cambridge Intellectual Property (United Kingdom),http://www.cambridgeip.com/,http://www.cambridgeip.com/
https://ror.org/02q931085,AMPAC Fine Chemicals (United States),https://ror.org/02q931085,https://ror.org/02q931085,AMPAC Fine Chemicals (United States),http://www.apfc.com/,http://www.apfc.com/
https://ror.org/02qwadn23,Instituto Tecnológico de Buenos Aires (ITBA),https://ror.org/02qwadn23,https://ror.org/02qwadn23,Buenos Aires Institute of Technology,https://www.itba.edu.ar,https://www.itba.edu.ar/
https://ror.org/02qztda51,Pontificia Universidad Católica del Ecuador,https://ror.org/02qztda51,https://ror.org/02qztda51,Pontificia Universidad Católica del Ecuador,https://www.puce.edu.ec,http://www.puce.edu.ec/portal/content/Pontificia%20Universidad%20Cat%C3%B3lica%20del%20Ecuador/0?link=oln266n.redirect
https://ror.org/02r2k1c68,National Institute of Science Education and Research,https://ror.org/02r2k1c68,https://ror.org/02r2k1c68,National Institute of Science Education and Research,https://www.niser.ac.in,http://www.niser.ac.in/drupal_new/
https://ror.org/02ras5d14,Amcor (Australia),https://ror.org/02ras5d14,https://ror.org/05xktrc94,Amcor (Germany),https://www.amcor.com/home/,https://www.amcor.com/
https://ror.org/02rg1r889,Tribhuvan University,https://ror.org/02rg1r889,https://ror.org/02rg1r889,Tribhuvan University,https://tu.edu.np/,https://tu.edu.np/
https://ror.org/02rnep118,Queen's Hospital,https://ror.org/02rnep118,https://ror.org/03xnr5143,"Barking, Havering And Redbridge University Hospitals NHS Trust",https://www.bhrhospitals.nhs.uk/queens-hospital,https://www.bhrhospitals.nhs.uk/
https://ror.org/02rzr3z90,"Haute école d'ingénierie et de gestion du canton de Vaud, HES-SO Haute Ecole Spécialisée de Suisse Occidentale",https://ror.org/02rzr3z90,https://ror.org/02rzr3z90,HEIG-VD,https://heig-vd.ch,https://heig-vd.ch
https://ror.org/02s376052,École Polytechnique Fédérale de Lausanne,https://ror.org/02s376052,https://ror.org/02s376052,École Polytechnique Fédérale de Lausanne,http://www.epfl.ch,http://www.epfl.ch
https://ror.org/02t3p7e85,Children's Health Queensland Hospital and Health Service,https://ror.org/02t3p7e85,https://ror.org/00be8mn93,Children’s Health Queensland Hospital and Health Service,https://www.childrens.health.qld.gov.au,https://www.childrens.health.qld.gov.au/
https://ror.org/02tg4ba33,Aarno Labs,https://ror.org/02tg4ba33,https://ror.org/02tg4ba33,Aarno Labs,https://www.aarno-labs.com,http://www.aarno-labs.com/
https://ror.org/02twt6343,Institut universitaire en santé mentale de Montréal,https://ror.org/02twt6343,https://ror.org/03zyxxj44,Centre intégré universitaire de santé et de services sociaux de l'Est-de-l'Île-de-Montréal,https://ciusss-estmtl.gouv.qc.ca/etablissement/institut-universitaire-en-sante-mentale-de-montreal,https://ciusss-estmtl.gouv.qc.ca
https://ror.org/02tx9ak91,Epilepsy Society of Australia,https://ror.org/02tx9ak91,https://ror.org/02tx9ak91,Epilepsy Society of Australia,https://epilepsy-society.org.au,http://www.epilepsy-society.org.au/
https://ror.org/02v6kpv12,Université Toulouse III - Paul Sabatier,https://ror.org/02v6kpv12,https://ror.org/01ahyrz84,Université de Toulouse,http://www.univ-tlse3.fr/,https://www.univ-tlse3.fr
https://ror.org/02vb4k656,École supérieure des agricultures,https://ror.org/02vb4k656,https://ror.org/04byv8g40,"Biodiversité, Agroécologie et Aménagement du Paysage",https://www.groupe-esa.com,http://www.groupe-esa.com/recherche/la-recherche-a-lesa/nos-unites-de-recherche/bagap-une-unite-en-renouvellement/
https://ror.org/02vbn8n59,Leonid Yuzkov Khmelnytskyi University of Management and Law,https://ror.org/02vbn8n59,https://ror.org/02vbn8n59,Khmelnytsky University of Management and Law,https://univer.km.ua,https://univer.km.ua
https://ror.org/02vz1de40,Canegrowers (Australia),https://ror.org/02vz1de40,https://ror.org/02vz1de40,Canegrowers (Australia),https://www.canegrowers.com.au,http://www.canegrowers.com.au/
https://ror.org/02w0r2764,MAGIC Telescopes,https://ror.org/02w0r2764,https://ror.org/02w0r2764,MAGIC Telescopes,https://magic.mpp.mpg.de,https://magic.mpp.mpg.de
https://ror.org/02w6r0892,Institut national de psychiatrie légale Philippe-Pinel,https://ror.org/02w6r0892,https://ror.org/02w6r0892,Institut Philippe Pinel de Montréal,http://www.pinel.qc.ca/?CultureCode=en-CA,http://www.pinel.qc.ca/?CultureCode=en-CA
https://ror.org/02wfhk785,International Institute for Applied Systems Analysis,https://ror.org/02wfhk785,https://ror.org/02wfhk785,International Institute for Applied Systems Analysis,https://iiasa.ac.at,https://iiasa.ac.at
https://ror.org/02wg15j65,Institute of Archaeology,https://ror.org/02wg15j65,https://ror.org/02wg15j65,Institute of Archaeology,http://ri.btk.mta.hu/en/,http://ri.btk.mta.hu/en/
https://ror.org/02wwzvj46,Université de Tours,https://ror.org/02wwzvj46,https://ror.org/02wwzvj46,Université de Tours,https://www.univ-tours.fr,https://www.univ-tours.fr
https://ror.org/02xankh89,Universidade Nova de Lisboa,https://ror.org/02xankh89,https://ror.org/02xankh89,Universidade Nova de Lisboa,https://www.unl.pt,https://www.unl.pt
https://ror.org/02xh23b55,Laboratoire Evolution et Diversite Biologique,https://ror.org/02xh23b55,https://ror.org/02xh23b55,Laboratoire Evolution et Diversite Biologique,http://www.edb.ups-tlse.fr/Laboratory-Evolution-and,http://www.edb.ups-tlse.fr/Laboratory-Evolution-and
https://ror.org/02xww4e18,Institute for Musicology,https://ror.org/02xww4e18,https://ror.org/02xww4e18,Institute for Musicology,http://zti.hu/index.php/en,http://zti.hu/index.php/en
https://ror.org/02xx07v13,Neurocentre Magendie,https://ror.org/02xx07v13,https://ror.org/02xx07v13,Neurocentre Magendie,https://neurocentre-magendie.fr,https://neurocentre-magendie.fr/index.php
https://ror.org/02xznz413,Office of Energy Efficiency and Renewable Energy,https://ror.org/02xznz413,https://ror.org/03rd4h240,Office of Electricity Delivery and Energy Reliability,http://energy.gov/eere/office-energy-efficiency-renewable-energy,http://energy.gov/oe/office-electricity-delivery-and-energy-reliability
https://ror.org/02zwhz281,Shaheed Benazir Bhutto University,https://ror.org/02zwhz281,https://ror.org/02zwhz281,Shaheed Benazir Bhutto University,https://www.sbbusba.edu.pk,https://www.sbbusba.edu.pk
https://ror.org/030hj3061,IMT Atlantique,https://ror.org/030hj3061,https://ror.org/030hj3061,IMT Atlantique,https://www.imt-atlantique.fr/,https://www.imt-atlantique.fr/
https://ror.org/030px0y08,Kirchliche Pädagogische Hochschule Wien/Niederösterreich,https://ror.org/030px0y08,https://ror.org/030px0y08,University College of Teacher Education of Christian Churches Vienna/Krems,https://kphvie.ac.at,https://kphvie.ac.at
https://ror.org/031603425,Home Depot (United States),https://ror.org/031603425,https://ror.org/031603425,Home Depot (United States),http://www.homedepot.com/,http://www.homedepot.com/
https://ror.org/0322sf130,Institut NeuroMyoGène,https://ror.org/0322sf130,https://ror.org/0322sf130,Institut NeuroMyoGène,http://inmg.fr/,http://inmg.fr/
https://ror.org/033ebya06,"UMR BIOdiversity, GEnes & Communities",https://ror.org/033ebya06,https://ror.org/033ebya06,"UMR BIOdiversity, GEnes & Communities",https://biogeco.hub.inrae.fr,https://biogeco.hub.inrae.fr
https://ror.org/034t1zf11,Plan Bleu,https://ror.org/034t1zf11,https://ror.org/034t1zf11,Plan Bleu,https://planbleu.org,http://planbleu.org/en
https://ror.org/035a68863,United States Geological Survey,https://ror.org/035a68863,https://ror.org/035a68863,United States Geological Survey,https://www.usgs.gov,https://www.usgs.gov
https://ror.org/035x96431,Hôpital d'Instruction des Armées Bégin,https://ror.org/035x96431,https://ror.org/016dc4c80,Armée de terre,https://www.defense.gouv.fr/sante/sante-publique/hopitaux-militaires/begin-saint-mande-94,https://www.defense.gouv.fr/terre
https://ror.org/036b2ns30,Universidad Católica Bolivia San Pablo,https://ror.org/036b2ns30,https://ror.org/036b2ns30,Universidad Católica Bolivia San Pablo,https://www.ucb.edu.bo,https://www.ucb.edu.bo
https://ror.org/0370bpp07,Institut Universitari d'Investigació en Atenció Primària Jordi Gol,https://ror.org/0370bpp07,https://ror.org/0370bpp07,Institut Universitari d'Investigació en Atenció Primària Jordi Gol,http://www.idiapjordigol.com/index.php?lang=en,http://www.idiapjordigol.com/index.php?lang=en
https://ror.org/0374a5s68,Beijing Municipal Health Commission,https://ror.org/0374a5s68,https://ror.org/0374a5s68,Beijing Municipal Health Commission,https://wjw.beijing.gov.cn,https://wjw.beijing.gov.cn
https://ror.org/037hnxh06,Texas Medical Center Library,https://ror.org/037hnxh06,https://ror.org/037hnxh06,Texas Medical Center Library,https://library.tmc.edu,https://library.tmc.edu
https://ror.org/037n1zn57,Conservation Science Partners,https://ror.org/037n1zn57,https://ror.org/037n1zn57,Conservation Science Partners,https://csp-inc.org,https://csp-inc.org
https://ror.org/038hqgh39,University of Belgrade – Faculty of Philology,https://ror.org/038hqgh39,https://ror.org/038hqgh39,University of Belgrade – Faculty of Philology,https://fil.bg.ac.rs,https://fil.bg.ac.rs
https://ror.org/038m76n55,ALS Therapy Development Institute,https://ror.org/038m76n55,https://ror.org/04khs0d04,Amyotrophic Lateral Sclerosis Therapy Development Institute,https://www.als.net,http://www.als.net/
https://ror.org/038rjvd86,Department of Biological Sciences,https://ror.org/038rjvd86,https://ror.org/00tgr2h49,Computer Equipment and Technologies,http://www.ras.ru/win/db/show_dpt.asp?P=.oi-2.id-4130.ln-ru,http://ras.ru
https://ror.org/0392kk689,Federal Railway Authority,https://ror.org/0392kk689,https://ror.org/0392kk689,Federal Railway Authority,https://www.eba.bund.de/EN/home_node.html,https://www.eba.bund.de/EN/home_node.html
https://ror.org/039c2j878,Hôpital d'instruction des Armées Percy,https://ror.org/039c2j878,https://ror.org/016dc4c80,Armée de terre,http://www.defense.gouv.fr/sante/ressources/hopitaux-militaires/hia-percy-a-clamart,https://www.defense.gouv.fr/terre
https://ror.org/03a26mh11,Laboratoire de Physique de l'Ecole Normale Supérieure,https://ror.org/03a26mh11,https://ror.org/03a26mh11,Laboratoire de Physique de l'Ecole Normale Supérieure,https://www.lpens.ens.psl.eu,https://www.lpens.ens.psl.eu
https://ror.org/03a470182,Nebraska Water Science Center,https://ror.org/03a470182,https://ror.org/035a68863,United States Geological Survey,https://www.usgs.gov/centers/nebraska-water-science-center,https://www.usgs.gov
https://ror.org/03awsb125,Betsi Cadwaladr University Health Board,https://ror.org/03awsb125,https://ror.org/039mtkw55,Wrexham Maelor Hospital,https://bcuhb.nhs.wales,https://bcuhb.nhs.wales/patients-and-visitors/hospitals-and-health-centres/wrexham-maelor-hospital/
https://ror.org/03cvwf620,Niche leucémique et métabolisme oxydatif,https://ror.org/03cvwf620,https://ror.org/03cvwf620,Niche leucémique et métabolisme oxydatif,https://gicc.cnrs.univ-tours.fr/version-francaise/equipes/lnoxbrniche-leucemique-et-metabolisme-redox,https://gicc.cnrs.univ-tours.fr/version-francaise/equipes/lnoxbrniche-leucemique-et-metabolisme-redox
https://ror.org/03d1zwe41,Center for Behavioral Brain Sciences,https://ror.org/03d1zwe41,https://ror.org/03d1zwe41,Center for Behavioral Brain Sciences,http://www.cbbs.eu,http://www.cbbs.eu
https://ror.org/03dmtvy82,Department of Commerce,https://ror.org/03dmtvy82,https://ror.org/03dmtvy82,Department of Commerce,https://www.commerce.wa.gov.au/,https://www.commerce.wa.gov.au/
https://ror.org/03fn1w943,International Science and Technology Center,https://ror.org/03fn1w943,https://ror.org/03fn1w943,International Science and Technology Center,https://www.istc.int,http://www.istc.int/
https://ror.org/03fpftn22,University of Belgrade - School of Electrical Engineering,https://ror.org/03fpftn22,https://ror.org/03fpftn22,University of Belgrade - School of Electrical Engineering,https://www.etf.bg.ac.rs,https://www.etf.bg.ac.rs
https://ror.org/03g60bf21,Children's Hospital Foundation,https://ror.org/03g60bf21,https://ror.org/03g60bf21,Children's Hospital Foundation,https://childrens.org.au,https://childrens.org.au
https://ror.org/03gkf0p07,"Montpellier-Ecologie, Evolution, Biodiversité",https://ror.org/03gkf0p07,https://ror.org/03gkf0p07,"Montpellier-Ecologie, Evolution, Biodiversité",https://www.umontpellier.fr/en/recherche/poles-de-recherche/pole-aeb-presentation/montpellier-ecologie-evolution-biodiversite-meeb,https://www.umontpellier.fr/en/recherche/unites-de-recherche/pole-aeb-presentation/montpellier-ecologie-evolution-biodiversite-meeb
https://ror.org/03jjdcp59,University of Belgrade – Faculty of Chemistry,https://ror.org/03jjdcp59,https://ror.org/03jjdcp59,University of Belgrade – Faculty of Chemistry,https://www.chem.bg.ac.rs,https://www.chem.bg.ac.rs
https://ror.org/03jp3w522,Institute of Electronic Materials Technology,https://ror.org/03jp3w522,https://ror.org/03jp3w522,Institute of Electronic Materials Technology,http://www.itme.edu.pl/,http://www.itme.edu.pl/
https://ror.org/03jspcw28,University of Belgrade – Faculty of Mathematics,https://ror.org/03jspcw28,https://ror.org/03jspcw28,University of Belgrade – Faculty of Mathematics,http://www.matf.bg.ac.rs,http://www.matf.bg.ac.rs
https://ror.org/03ms1y683,"Langues, Textes, Traitements Informatiques, Cognition",https://ror.org/03ms1y683,https://ror.org/03ms1y683,"Langues, Textes, Traitements Informatiques, Cognition",https://www.lattice.cnrs.fr,http://www.lattice.cnrs.fr/?lang=en
https://ror.org/03pfsnq21,University of Rzeszów,https://ror.org/03pfsnq21,https://ror.org/03pfsnq21,Rzeszów University,https://www.ur.edu.pl/en/home,http://www.ur.edu.pl/en
https://ror.org/03phf2w66,Arthritis Research UK,https://ror.org/03phf2w66,https://ror.org/03phf2w66,Arthritis Research UK,http://www.arthritisresearchuk.org/,http://www.arthritisresearchuk.org/
https://ror.org/03prrhh04,Institute for Catastrophic Loss Reduction,https://ror.org/03prrhh04,https://ror.org/03prrhh04,Institute for Catastrophic Loss Reduction,https://www.iclr.org,https://www.iclr.org
https://ror.org/03qraer96,Council of Prairie and Pacific University Libraries,https://ror.org/03qraer96,https://ror.org/03qraer96,Council of Prairie and Pacific University Libraries,https://coppul.ca,https://coppul.ca
https://ror.org/03qs9h678,Politeknik Keuangan Negara STAN,https://ror.org/03qs9h678,https://ror.org/03qs9h678,Politeknik Keuangan Negara STAN,https://pknstan.ac.id,https://pknstan.ac.id
https://ror.org/03r7ras86,Pakuan University,https://ror.org/03r7ras86,https://ror.org/03r7ras86,Pakuan University,https://www.unpak.ac.id,https://www.unpak.ac.id
https://ror.org/03rchg407,University of Belgrade – Faculty of Education,https://ror.org/03rchg407,https://ror.org/03rchg407,University of Belgrade – Faculty of Education,http://www.uf.bg.ac.rs,http://www.uf.bg.ac.rs
https://ror.org/03renyq06,Institute of History,https://ror.org/03renyq06,https://ror.org/03renyq06,Institute of History,http://www.tti.hu/en/,http://www.tti.hu/en/
https://ror.org/03s3dhf22,St Mary's Hospital Centre,https://ror.org/03s3dhf22,https://ror.org/03s3dhf22,St Mary's Hospital,https://www.smhc.qc.ca,http://www.smhc.qc.ca/en/
https://ror.org/03sjk9a61,"Ministère de l'Enseignement Supérieur, de la Recherche et de l'Espace",https://ror.org/03sjk9a61,https://ror.org/03sjk9a61,Ministère de l’Enseignement Supérieur et de la Recherche,https://www.enseignementsup-recherche.gouv.fr,https://www.enseignementsup-recherche.gouv.fr
https://ror.org/03skt0t88,Laboratoire de Biométrie et Biologie Evolutive,https://ror.org/03skt0t88,https://ror.org/03skt0t88,Laboratoire de Biométrie et Biologie Evolutive,https://lbbe.univ-lyon1.fr/?lang=en,https://lbbe.univ-lyon1.fr/?lang=en
https://ror.org/03smk3872,Centre de Recherche en Acquisition et Traitement de l'Image pour la Santé,https://ror.org/03smk3872,https://ror.org/03smk3872,Centre de Recherche en Acquisition et Traitement de l'Image pour la Santé,https://www.creatis.insa-lyon.fr,http://www.creatis.insa-lyon.fr/site/en
https://ror.org/03vamsh08,County Durham and Darlington NHS Foundation Trust,https://ror.org/03vamsh08,https://ror.org/00vwfb160,Darlington Memorial Hospital,https://www.cddft.nhs.uk/,https://www.cddft.nhs.uk/our-hospitals/darlington-memorial-hospital.aspx
https://ror.org/03vaqfv64,GNS Science,https://ror.org/03vaqfv64,https://ror.org/03vaqfv64,GNS Science,http://www.gns.cri.nz/,http://www.gns.cri.nz/
https://ror.org/03wfca816,National University of Kyiv-Mohyla Academy,https://ror.org/03wfca816,https://ror.org/03wfca816,National University of Kyiv Mohyla Academy,https://www.ukma.edu.ua,https://www.ukma.edu.ua
https://ror.org/03xjacd83,Cleveland Clinic,https://ror.org/03xjacd83,https://ror.org/02x4b0932,Cleveland Clinic Lerner College of Medicine,http://my.clevelandclinic.org/,https://my.clevelandclinic.org/lerner-college-medicine/
https://ror.org/03y02pg02,University of Music Detmold,https://ror.org/03y02pg02,https://ror.org/03y02pg02,University of Music Detmold,https://www.hfm-detmold.de,https://www.hfm-detmold.de
https://ror.org/03y4ynm34,TAFE Directors Australian,https://ror.org/03y4ynm34,https://ror.org/03y4ynm34,TAFE Directors Australian,https://tda.edu.au,https://www.tda.edu.au/
https://ror.org/03yn8s215,Vienna University of Economics and Business,https://ror.org/03yn8s215,https://ror.org/03yn8s215,Vienna University of Economics and Business,https://www.wu.ac.at,https://www.wu.ac.at
https://ror.org/03ypdje89,Centre de Santé et de Services Sociaux Cavendish,https://ror.org/03ypdje89,https://ror.org/03ypdje89,Centre de Santé et de Services Sociaux Cavendish,https://www.cssscavendish.qc.ca/,https://www.cssscavendish.qc.ca/
https://ror.org/03z27es23,Universidad Mayor de San Simón,https://ror.org/03z27es23,https://ror.org/03z27es23,University of San Simón,https://www.umss.edu.bo,http://www.umss.edu.bo/
https://ror.org/03z6hnk02,Bundesanstalt für Wasserbau,https://ror.org/03z6hnk02,https://ror.org/03z6hnk02,Bundesanstalt für Wasserbau,http://www.baw.de/,http://www.baw.de/
https://ror.org/03z6jp965,Université Sorbonne Nouvelle,https://ror.org/03z6jp965,https://ror.org/03z6jp965,Université Sorbonne Nouvelle,http://www.univ-paris3.fr/,http://www.univ-paris3.fr/
https://ror.org/040vwpm13,University of Houston System,https://ror.org/040vwpm13,https://ror.org/040vwpm13,University of Houston System,http://www.uhsystem.edu/,http://www.uhsystem.edu/
https://ror.org/0420bzz85,Universitas Pembangunan Nasional Veteran Yogyakarta,https://ror.org/0420bzz85,https://ror.org/0420bzz85,Universitas Pembangunan Nasional Veteran Yogyakarta,https://www.upnyk.ac.id,https://www.upnyk.ac.id
https://ror.org/042tfbd02,Institut Polytechnique de Paris,https://ror.org/042tfbd02,https://ror.org/042tfbd02,Institut Polytechnique de Paris,https://www.ip-paris.fr,https://www.ip-paris.fr
https://ror.org/043dj2c51,South Australian Rock Lobster Advisory Council,https://ror.org/043dj2c51,https://ror.org/043dj2c51,South Australian Rock Lobster Advisory Council,https://sarlac.com.au,http://sarlac.com.au/
https://ror.org/043htjv09,CY Cergy Paris Université,https://ror.org/043htjv09,https://ror.org/04gac9b55,Learning Transitions,https://www.cyu.fr,https://www.cyu.fr/recherche-et-valorisation/structures-de-recherche/laboratoires/unite-recherche-learning-transitions
https://ror.org/043zbev87,Universitas Indraprasta PGRI,https://ror.org/043zbev87,https://ror.org/043zbev87,Indraprasta Pgri University,https://unindra.ac.id/,https://unindra.ac.id/
https://ror.org/0440p1d37,GITAM University,https://ror.org/0440p1d37,https://ror.org/0440p1d37,GITAM University,https://www.gitam.edu,http://www.gitam.edu/WelcomePage.aspx
https://ror.org/0443cwa12,Tallinn University of Technology,https://ror.org/0443cwa12,https://ror.org/0443cwa12,Tallinn University of Technology,https://taltech.ee,https://taltech.ee
https://ror.org/044s2fj67,Yaroslavl State University,https://ror.org/044s2fj67,https://ror.org/044s2fj67,Yaroslavl State University,https://www.uniyar.ac.ru,https://www.uniyar.ac.ru
https://ror.org/045ktmd28,Laboratoire National des Champs Magnétiques Intenses,https://ror.org/045ktmd28,https://ror.org/045ktmd28,Laboratoire National des Champs Magnétiques Intenses,https://lncmi.cnrs.fr,https://lncmi.cnrs.fr
https://ror.org/045sc8e83,Federal Research Centre «Fundamentals of Biotechnology» of the Russian Academy of Sciences,https://ror.org/045sc8e83,https://ror.org/045sc8e83,Federal Center Research Fundamentals of Biotechnology,https://www.fbras.ru,http://fbras.ru/
https://ror.org/046b3cj80,École Pratique des Hautes Études,https://ror.org/046b3cj80,https://ror.org/046b3cj80,École Pratique des Hautes Études,https://www.ephe.psl.eu,https://www.ephe.psl.eu
https://ror.org/046d4aw91,Institute of Art History,https://ror.org/046d4aw91,https://ror.org/046d4aw91,Institute of Art History,http://mi.btk.mta.hu/en,http://mi.btk.mta.hu/en
https://ror.org/046sqxa62,Hospital Universitari de Tortosa Verge de la Cinta,https://ror.org/046sqxa62,https://ror.org/046sqxa62,Hospital de Tortosa Verge de la Cinta,https://icsebre.cat/web/htvc/,https://icsebre.cat/web/htvc/
https://ror.org/047146281,"Far Western Anthropological Research Group, Inc. (United States)",https://ror.org/047146281,https://ror.org/047146281,"Far Western Anthropological Research Group, Inc. (United States)",https://farwestern.com,https://farwestern.com
https://ror.org/047hbnr51,DigsFish Services (Australia),https://ror.org/047hbnr51,https://ror.org/047hbnr51,DigsFish Services (Australia),https://www.digsfish.com,http://www.digsfish.com/
https://ror.org/048kh7197,"Department of Science,Technology and Innovation",https://ror.org/048kh7197,https://ror.org/048kh7197,Department of Science and Innovation,https://www.dst.gov.za,https://www.dst.gov.za
https://ror.org/049mjq378,Sous-direction des systèmes d'information et des études statistiques,https://ror.org/049mjq378,https://ror.org/03sjk9a61,Ministère de l’Enseignement Supérieur et de la Recherche,https://www.enseignementsup-recherche.gouv.fr/fr/sies,https://www.enseignementsup-recherche.gouv.fr
https://ror.org/049p34y91,Slovenský Metrologický Ústav,https://ror.org/049p34y91,https://ror.org/049p34y91,Slovenský Metrologický Ústav,https://www.smu.sk/,https://www.smu.sk/
https://ror.org/04agqs597,Institut Européen de Chimie et Biologie,https://ror.org/04agqs597,https://ror.org/04agqs597,Institut Européen de Chimie et Biologie,https://www.iecb.u-bordeaux.fr,http://www.iecb.u-bordeaux.fr/index.php/en
https://ror.org/04asdee31,Université Marie et Louis Pasteur,https://ror.org/04asdee31,https://ror.org/04asdee31,Université Marie et Louis Pasteur,https://www.umlp.fr,https://www.umlp.fr
https://ror.org/04b0z7q78,Institut des Sciences Humaines et Sociales,https://ror.org/04b0z7q78,https://ror.org/04b0z7q78,Institut des Sciences Humaines et Sociales,http://www.cnrs.fr/inshs/,http://www.cnrs.fr/inshs/
https://ror.org/04byv8g40,"Biodiversité, Agroécologie et Aménagement du Paysage",https://ror.org/04byv8g40,https://ror.org/04byv8g40,"Biodiversité, Agroécologie et Aménagement du Paysage",http://www.groupe-esa.com/recherche/la-recherche-a-lesa/nos-unites-de-recherche/bagap-une-unite-en-renouvellement/,http://www.groupe-esa.com/recherche/la-recherche-a-lesa/nos-unites-de-recherche/bagap-une-unite-en-renouvellement/
https://ror.org/04c3cgg32,Liaoning Normal University,https://ror.org/04c3cgg32,https://ror.org/04c3cgg32,Liaoning Normal University,https://www.lnnu.edu.cn,https://www.lnnu.edu.cn
https://ror.org/04cdzx077,Ministry of Food Agriculture and Livestock,https://ror.org/04cdzx077,https://ror.org/04cdzx077,Ministry of Food Agriculture and Livestock,http://www.tarim.gov.tr/Sayfalar/EN/AnaSayfa.aspx,http://www.tarim.gov.tr/Sayfalar/EN/AnaSayfa.aspx
https://ror.org/04ces3204,Huma-Num,https://ror.org/04ces3204,https://ror.org/04ces3204,Huma-Num,https://www.huma-num.fr,https://www.huma-num.fr
https://ror.org/04d4wjw61,IMU University,https://ror.org/04d4wjw61,https://ror.org/04d4wjw61,International Medical University,https://imu.edu.my,http://www.imu.edu.my/imu/
https://ror.org/04d836q62,TU Wien,https://ror.org/04d836q62,https://ror.org/04d836q62,TU Wien,https://www.tuwien.at,https://www.tuwien.at
https://ror.org/04dp46240,Universidad Europea de Madrid,https://ror.org/04dp46240,https://ror.org/05m35m789,Universidad Europea de Valencia,https://universidadeuropea.com,https://universidadeuropea.com/conocenos/valencia/
https://ror.org/04e4jbv10,Institut de recherche Robert-Sauvé en santé et en sécurité du travail,https://ror.org/04e4jbv10,https://ror.org/04e4jbv10,Institut de Recherche Robert-Sauvé en Santé et en Sécurité du Travail,https://www.irsst.qc.ca,http://www.irsst.qc.ca/en/
https://ror.org/04eg47h42,Walt Disney (United States),https://ror.org/04eg47h42,https://ror.org/04eg47h42,Walt Disney (United States),https://thewaltdisneycompany.com/,https://thewaltdisneycompany.com/
https://ror.org/04encyw73,Instituto de Desenvolvimento Sustentável Mamirauá,https://ror.org/04encyw73,https://ror.org/04encyw73,Instituto de Desenvolvimento Sustentável Mamirauá,https://mamiraua.org.br,https://mamiraua.org.br
https://ror.org/04g0eda71,University of Belgrade – Faculty of Political Sciences,https://ror.org/04g0eda71,https://ror.org/04g0eda71,University of Belgrade – Faculty of Political Sciences,http://www.fpn.bg.ac.rs,http://www.fpn.bg.ac.rs
https://ror.org/04gj6tm91,Japan Doll Association,https://ror.org/04gj6tm91,https://ror.org/04gj6tm91,Association for the Promotion of Traditional Craft Industries,https://www.ningyo-kyokai.or.jp,https://www.ningyo-kyokai.or.jp
https://ror.org/04gmtj115,Institut Pendidikan Indonesia Garut,https://ror.org/04gmtj115,https://ror.org/04gmtj115,Institut Pendidikan Indonesia,https://institutpendidikan.ac.id,https://institutpendidikan.ac.id
https://ror.org/04hazks31,International Max Planck Research School for Advanced Methods in Process and Systems Engineering,https://ror.org/04hazks31,https://ror.org/030h7k016,Max Planck Institute for Dynamics of Complex Technical Systems,https://www.mpi-magdeburg.mpg.de/1275751/structure,http://www.mpi-magdeburg.mpg.de/2316/en
https://ror.org/04hp1ky92,NODES S.c.a.r.l,https://ror.org/04hp1ky92,https://ror.org/04hp1ky92,NODES S.c.a.r.l,https://www.ecs-nodes.eu,https://www.ecs-nodes.eu
https://ror.org/04hsdam77,Taiwan Centers for Disease Control,https://ror.org/04hsdam77,https://ror.org/04hsdam77,Center for Disease Control,https://www.cdc.gov.tw,https://www.cdc.gov.tw/english/index.aspx
https://ror.org/04hw9c755,NutriNeuro,https://ror.org/04hw9c755,https://ror.org/02aswf736,Interactions Sol Plante Atmosphère,https://www6.bordeaux-aquitaine.inra.fr/nutrineuro,https://www6.bordeaux-aquitaine.inra.fr/ispa_eng/
https://ror.org/04jc43x05,TUM Klinikum,https://ror.org/04jc43x05,https://ror.org/04jc43x05,Klinikum rechts der Isar,https://www.mri.tum.de/,https://www.mri.tum.de/
https://ror.org/04jsz6e67,Dutch Research Council,https://ror.org/04jsz6e67,https://ror.org/04jsz6e67,Dutch Research Council,https://www.nwo.nl,https://www.nwo.nl
https://ror.org/04jw21793,"Bundesministerium für Landwirtschaft, Ernährung und Heimat",https://ror.org/04jw21793,https://ror.org/04jw21793,"Bundesministerium für Landwirtschaft, Ernährung und Heimat",https://www.bmleh.de,https://www.bmleh.de
https://ror.org/04jwmyw53,International Association of Machinists and Aerospace Workers,https://ror.org/04jwmyw53,https://ror.org/04jwmyw53,International Association of Machinists and Aerospace Workers,https://www.goiam.org,http://www.goiam.org/
https://ror.org/04knbh022,Austrian Institute of Technology,https://ror.org/04knbh022,https://ror.org/04knbh022,Austrian Institute of Technology,https://www.ait.ac.at,https://www.ait.ac.at
https://ror.org/04mqb0968,Princess Alexandra Hospital,https://ror.org/04mqb0968,https://ror.org/00s894y88,Addiction and Mental Health Services - MSH,https://www.metrosouth.health.qld.gov.au/hospital-and-health-centres/princess-alexandra-hospital,https://www.metrosouth.health.qld.gov.au
https://ror.org/04ms06f06,Zentrum verantwortungsbewusste Digitalisierung,https://ror.org/04ms06f06,https://ror.org/04ms06f06,Zentrum verantwortungsbewusste Digitalisierung,https://zevedi.de,https://zevedi.de
https://ror.org/04mxxkb11,Universidad de Cádiz,https://ror.org/04mxxkb11,https://ror.org/04mxxkb11,Universidad de Cádiz,https://www.uca.es,https://www.uca.es
https://ror.org/04n1xa154,Meander Medisch Centrum,https://ror.org/04n1xa154,https://ror.org/04n1xa154,Meander Medisch Centrum,https://www.meandermc.nl,https://www.meandermc.nl/wps/portal/patientenportaal/home/!ut/p/a1/04_Sj9CPykssy0xPLMnMz0vMAfGjzOK9DM0sPByDDbz8TT3MDByd3czMXV28jQxCzIAKIoEKDHAARwNC-sP1o8BK_P1dLDy8vQ283H3dHA08w7x8HMOcPA0s_M2gCvBYUZAbYZDpqKgIAOY-6DY!/dl5/d5/L2dBISEvZ0FBIS9nQSEh/
https://ror.org/04nabhy78,Laboratoire de l'Intégration du Matériau au Système,https://ror.org/04nabhy78,https://ror.org/04nabhy78,Laboratoire de l'Intégration du Matériau au Système,https://www.ims-bordeaux.fr,https://www.ims-bordeaux.fr/en/
https://ror.org/04ngzd740,Australian Association of Gerontology,https://ror.org/04ngzd740,https://ror.org/04ngzd740,Australian Association of Gerontology,https://www.aag.asn.au,https://www.aag.asn.au/
https://ror.org/04q0nd296,EM Strasbourg Business School,https://ror.org/04q0nd296,https://ror.org/04x97hf88,Humans and management in society,https://www.em-strasbourg.com,https://www.em-strasbourg.com/fr/recherche/laboratoires-de-recherche/laboratoire-humanis
https://ror.org/04qst5w65,Zaporizhzhia National University,https://ror.org/04qst5w65,https://ror.org/04qst5w65,Zaporizhzhya National University,https://www.znu.edu.ua,http://www.znu.edu.ua/eng/
https://ror.org/04r7qk823,Mani̇sa Ruh Sağliği Ve Hastaliklari Hastanesi̇,https://ror.org/04r7qk823,https://ror.org/04r7qk823,Mani̇sa Ruh Sağliği Ve Hastaliklari Hastanesi̇,https://manisarsh.saglik.gov.tr,https://manisarsh.saglik.gov.tr
https://ror.org/04rswrd78,Iowa State University,https://ror.org/04rswrd78,https://ror.org/04rswrd78,Iowa State University,https://www.iastate.edu,https://www.iastate.edu
https://ror.org/04rx3tw33,GeoBioTec,https://ror.org/04rx3tw33,https://ror.org/04rx3tw33,GeoBioTec,https://sites.fct.unl.pt/geobiotec/home,https://sites.fct.unl.pt/geobiotec/home
https://ror.org/04skveq52,GeoBioTec - Geobiociências Geotecnologias e Geo-engenharias,https://ror.org/04skveq52,https://ror.org/00js76g45,Universidade Nova de Lisboa Associação para a Inovação e Desenvolvimento da FCT,https://www.fct.unl.pt/investigacao/geobiociencias-geoengenharias-e-geotecnologias,https://www.fct.unl.pt
https://ror.org/04t3en479,Karlsruhe Institute of Technology,https://ror.org/04t3en479,https://ror.org/04t3en479,Karlsruhe Institute of Technology,https://www.kit.edu,https://www.kit.edu
https://ror.org/04tkkr536,FernUniversität in Hagen,https://ror.org/04tkkr536,https://ror.org/04tkkr536,University of Hagen,https://www.fernuni-hagen.de,https://www.fernuni-hagen.de
https://ror.org/04v7g1721,University of Belgrade – Faculty of Physics,https://ror.org/04v7g1721,https://ror.org/04v7g1721,University of Belgrade – Faculty of Physics,http://www.ff.bg.ac.rs,http://www.ff.bg.ac.rs
https://ror.org/04vgqjj36,Sahlgrenska University Hospital,https://ror.org/04vgqjj36,https://ror.org/00yqpgp96,Drottning Silvias barn- och ungdomssjukhus,https://www.sahlgrenska.se,https://www.sahlgrenska.se/sjukhus/drottning-silvias-barn--och-ungdomssjukhus/
https://ror.org/04vy5s568,Universidad del Zulia,https://ror.org/04vy5s568,https://ror.org/04vy5s568,University of Zulia,http://www.luz.edu.ve/,http://www.luz.edu.ve/
https://ror.org/04w8f9k94,Maison des sciences humaines et environnementales,https://ror.org/04w8f9k94,https://ror.org/04w8f9k94,Maison des Sciences de l’Homme et de l‘Environnement Claude Nicolas Ledoux,https://mshe.univ-fcomte.fr,http://mshe.univ-fcomte.fr/actualites
https://ror.org/04wcn4e27,LEAPS,https://ror.org/04wcn4e27,https://ror.org/04wcn4e27,LEAPS,https://leaps-initiative.eu,https://leaps-initiative.eu
https://ror.org/04wez4p43,"Laboratoire d'Automatique, Génie Informatique et Signal",https://ror.org/04wez4p43,https://ror.org/04wez4p43,"Laboratoire d'Automatique, Génie Informatique et Signal",http://lagis.cnrs.fr/?lang=fr,http://lagis.cnrs.fr/?lang=fr
https://ror.org/04wez5e68,Université Paris 8,https://ror.org/04wez5e68,https://ror.org/04wez5e68,Université Paris 8,https://www.univ-paris8.fr,https://www.univ-paris8.fr
https://ror.org/04whb3988,Institute of Physics,https://ror.org/04whb3988,https://ror.org/04whb3988,Institute of Physics,https://www.iop.org,http://www.iop.org/
https://ror.org/04wkdwp52,Institut Català de la Salut,https://ror.org/04wkdwp52,https://ror.org/04wkdwp52,Institut Català de la Salut,http://www.gencat.cat/ics/,http://www.gencat.cat/ics/
https://ror.org/04wp8v119,Central Plains Water Science Center,https://ror.org/04wp8v119,https://ror.org/035a68863,United States Geological Survey,https://www.usgs.gov/centers/central-plains-water-science-center,https://www.usgs.gov
https://ror.org/04xeap310,Universitas Islam Negeri Sayyid Ali Rahmatullah Tulungagung,https://ror.org/04xeap310,https://ror.org/04xeap310,UIN SATU Tulungagung,https://www.uinsatu.ac.id,https://www.uinsatu.ac.id
https://ror.org/04ybnj478,Academia Oamenilor de Știință din România,https://ror.org/04ybnj478,https://ror.org/04ybnj478,Academy of Romanian Scientists,http://www.aosr.ro,http://www.aosr.ro
https://ror.org/0500yaj74,Victoria Police,https://ror.org/0500yaj74,https://ror.org/0500yaj74,Victoria Police,https://www.police.vic.gov.au,http://www.police.vic.gov.au/
https://ror.org/0508kew31,Department of Water and Environmental Regulation,https://ror.org/0508kew31,https://ror.org/0508kew31,Department of Water and Environmental Regulation,https://www.wa.gov.au/organisation/department-of-water-and-environmental-regulation,https://www.wa.gov.au/organisation/department-of-water-and-environmental-regulation
https://ror.org/0518tra10,UAR Data Terra,https://ror.org/0518tra10,https://ror.org/0518tra10,UAR Data Terra,https://www.data-terra.org,https://www.data-terra.org
https://ror.org/054eytx62,University of Belgrade - Faculty of Mechanical Engineering,https://ror.org/054eytx62,https://ror.org/054eytx62,University of Belgrade - Faculty of Mechanical Engineering,https://www.mas.bg.ac.rs,https://www.mas.bg.ac.rs
https://ror.org/055n68305,Instituto Nacional de Câncer - INCA,https://ror.org/055n68305,https://ror.org/05e43h690,Agência Nacional de Telecomunicações,https://www.gov.br/inca,https://www.gov.br/anatel/
https://ror.org/055vdfb51,Mongolian National Defense University,https://ror.org/055vdfb51,https://ror.org/055vdfb51,National Defense University,https://mndu.gov.mn,https://mndu.gov.mn
https://ror.org/0561n6946,Romanian Academy,https://ror.org/0561n6946,https://ror.org/0561n6946,Romanian Academy,http://www.academiaromana.ro/def2002eng.htm,http://www.academiaromana.ro/def2002eng.htm
https://ror.org/056bp6y70,Nuklearmedizinische Klinik des Klinikums rechts der Isar,https://ror.org/056bp6y70,https://ror.org/056bp6y70,Nuklearmedizinische Klinik des Klinikums rechts der Isar,http://www.nuk.mri.tum.de/,http://www.nuk.mri.tum.de/
https://ror.org/056jjra10,Jewish General Hospital,https://ror.org/056jjra10,https://ror.org/056jjra10,Jewish General Hospital,https://www.jgh.ca/,https://www.jgh.ca/
https://ror.org/056n05x05,Laboratoire de Chimie des Polymères Organiques,https://ror.org/056n05x05,https://ror.org/056n05x05,Laboratoire de Chimie des Polymères Organiques,http://www.lcpo.fr/,http://www.lcpo.fr/
https://ror.org/0575yy874,University Medical Center Utrecht,https://ror.org/0575yy874,https://ror.org/0575yy874,University Medical Center Utrecht,https://www.umcutrecht.nl,https://www.umcutrecht.nl
https://ror.org/057qpr032,Université de Bordeaux,https://ror.org/057qpr032,https://ror.org/057qpr032,Université de Bordeaux,https://www.u-bordeaux.fr,https://www.u-bordeaux.fr
https://ror.org/057yw0190,Social Insurance Institution,https://ror.org/057yw0190,https://ror.org/057yw0190,Social Insurance Institution,https://www.kela.fi,https://www.kela.fi
https://ror.org/0581em797,Generaldirektion Wasserstraßen und Schifffahrt,https://ror.org/0581em797,https://ror.org/05dvgav47,Generaldirektion Wasserstraßen und Schifffahrt,https://www.gdws.wsv.bund.de,https://www.gdws.wsv.bund.de
https://ror.org/0581esp57,Fondation Maison des Sciences de l'Homme,https://ror.org/0581esp57,https://ror.org/0581esp57,Fondation Maison des Sciences de l'Homme,http://www.fmsh.fr/en,http://www.fmsh.fr/en
https://ror.org/05884rv02,Gdańskie Seminarium Duchowne,https://ror.org/05884rv02,https://ror.org/05884rv02,Gdańskie Seminarium Duchowne,https://gsd.gda.pl,https://gsd.gda.pl
https://ror.org/058jrcm27,Aust-Agder County Municipality,https://ror.org/058jrcm27,https://ror.org/058jrcm27,Aust-Agder County Municipality,https://www.austagderfk.no/english,https://www.austagderfk.no/english
https://ror.org/0596m7f19,West Pomeranian University of Technology in Szczecin,https://ror.org/0596m7f19,https://ror.org/0596m7f19,West Pomeranian University of Technology,https://www.zut.edu.pl,https://www.zut.edu.pl
https://ror.org/05983b311,"National Institute of Technology, Oita College",https://ror.org/05983b311,https://ror.org/05983b311,"National Institute of Technology, Oita College",https://www.oita-ct.ac.jp,http://www.oita-ct.ac.jp/guide/eng_bulletin.html
https://ror.org/059ex5q34,"Secretaría de Ciencia, Humanidades, Tecnología e Innovación",https://ror.org/059ex5q34,https://ror.org/059ex5q34,"Secretaría de Ciencia, Humanidades, Tecnología e Innovación",http://secihti.mx,http://secihti.mx
https://ror.org/059wtn003,Bavarian Center for Applied Energy Research,https://ror.org/059wtn003,https://ror.org/059wtn003,Bavarian Center for Applied Energy Research,https://zae-bayern.de,https://zae-bayern.de
https://ror.org/059xepj08,Cleveland Clinic Akron General,https://ror.org/059xepj08,https://ror.org/02x4b0932,Cleveland Clinic Lerner College of Medicine,https://my.clevelandclinic.org/locations/akron-general,https://my.clevelandclinic.org/lerner-college-medicine/
https://ror.org/05bn3m307,Université de technologie de belfort-montbéliard,https://ror.org/05bn3m307,https://ror.org/05bn3m307,Université de technologie de belfort-montbéliard,https://www.utbm.fr,https://www.utbm.fr
https://ror.org/05c5ac029,New South Wales Nurses and Midwives Association,https://ror.org/05c5ac029,https://ror.org/05c5ac029,New South Wales Nurses and Midwives Association,https://www.nswnma.asn.au,http://www.nswnma.asn.au/
https://ror.org/05d29yv45,"Services répartis, Architectures, MOdélisation, Validation, Administration des Réseaux",https://ror.org/05d29yv45,https://ror.org/05d29yv45,"Services répartis, Architectures, MOdélisation, Validation, Administration des Réseaux",https://samovar.telecom-sudparis.eu,https://samovar.telecom-sudparis.eu
https://ror.org/05dvgav47,Generaldirektion Wasserstraßen und Schifffahrt,https://ror.org/05dvgav47,https://ror.org/05dvgav47,Generaldirektion Wasserstraßen und Schifffahrt,https://www.gdws.wsv.bund.de,https://www.gdws.wsv.bund.de
https://ror.org/05eev2q71,Centre for Epidemiology Versus Arthritis,https://ror.org/05eev2q71,https://ror.org/05eev2q71,Centre for Epidemiology Versus Arthritis,https://www.cfe.manchester.ac.uk,https://www.cfe.manchester.ac.uk
https://ror.org/05ep8g269,University of Applied Sciences and Arts of Southern Switzerland,https://ror.org/05ep8g269,https://ror.org/05ep8g269,University of Applied Sciences and Arts of Southern Switzerland,https://www.supsi.ch,http://www.supsi.ch/home_en.html
https://ror.org/05f82e368,Université Paris Cité,https://ror.org/05f82e368,https://ror.org/05f82e368,Université Paris Cité,https://u-paris.fr/en,https://u-paris.fr/en
https://ror.org/05fep3933,Mangalore University,https://ror.org/05fep3933,https://ror.org/05fep3933,Mangalore University,https://mangaloreuniversity.ac.in,https://mangaloreuniversity.ac.in
https://ror.org/05fg5ca88,Vest-Agder fylkeskommune,https://ror.org/05fg5ca88,https://ror.org/05fg5ca88,Vest-Agder fylkeskommune,http://www.vaf.no/english/,http://www.vaf.no/english/
https://ror.org/05frf9c55,Merri Creek Management Committee,https://ror.org/05frf9c55,https://ror.org/05frf9c55,Merri Creek Management Committee,https://mcmc.org.au,http://www.mcmc.org.au/
https://ror.org/05fsyf340,University of Belgrade – Faculty of Law,https://ror.org/05fsyf340,https://ror.org/05fsyf340,University of Belgrade – Faculty of Law,https://ius.bg.ac.rs,https://ius.bg.ac.rs
https://ror.org/05h1fqt10,Fujairah University,https://ror.org/05h1fqt10,https://ror.org/05h1fqt10,University of Fujairah,https://uof.ac.ae,https://uof.ac.ae
https://ror.org/05h39qc65,African Library and Information Associations and Institutions,https://ror.org/05h39qc65,https://ror.org/05h39qc65,African Library and Information Associations and Institutions,https://web.aflia.net,https://web.aflia.net
https://ror.org/05hzn5427,Ho Chi Minh City University of Technology and Engineering,https://ror.org/05hzn5427,https://ror.org/05hzn5427,Ho Chi Minh City University of Technology and Education,http://hcmute.edu.vn/,http://hcmute.edu.vn/
https://ror.org/05jz51y94,MEF University,https://ror.org/05jz51y94,https://ror.org/05jz51y94,MEF University,https://www.mef.edu.tr,http://www.mef.edu.tr/index_en.php
https://ror.org/05k89ew48,University of Jordan,https://ror.org/05k89ew48,https://ror.org/05k89ew48,University of Jordan,http://ju.edu.jo/home.aspx,http://ju.edu.jo/home.aspx
https://ror.org/05m35m789,Universidad Europea de Valencia,https://ror.org/05m35m789,https://ror.org/05m35m789,Universidad Europea de Valencia,https://universidadeuropea.com/conocenos/valencia/,https://universidadeuropea.com/conocenos/valencia/
https://ror.org/05m7pjf47,University College Dublin,https://ror.org/05m7pjf47,https://ror.org/05m7pjf47,University College Dublin,https://www.ucd.ie,https://www.ucd.ie
https://ror.org/05mm0yv21,Nizhny Novgorod State Pedagogical University,https://ror.org/05mm0yv21,https://ror.org/05mm0yv21,Nizhny Novgorod State Pedagogical University,https://mininuniver.ru,https://mininuniver.ru
https://ror.org/05mskc574,Ankara Hacı Bayram Veli University,https://ror.org/05mskc574,https://ror.org/05mskc574,Ankara Hacı Bayram Veli University,https://hacibayram.edu.tr,https://hacibayram.edu.tr/
https://ror.org/05n911h24,Technische Universität Darmstadt,https://ror.org/05n911h24,https://ror.org/05n911h24,Technical University of Darmstadt,https://www.tu-darmstadt.de,http://www.tu-darmstadt.de/
https://ror.org/05nn7qm04,Ganpat University,https://ror.org/05nn7qm04,https://ror.org/05nn7qm04,Ganpat University,https://www.ganpatuniversity.ac.in/,https://www.ganpatuniversity.ac.in/
https://ror.org/05p6hp428,Arab Board Of Health Specializations,https://ror.org/05p6hp428,https://ror.org/05p6hp428,Arab Board Of Health Specializations,https://www.arab-board.org,http://arab-board.org/en/
https://ror.org/05pbb8783,Université de Montpellier Paul-Valéry,https://ror.org/05pbb8783,https://ror.org/05pbb8783,Université de Montpellier Paul-Valéry,https://www.univ-montp3.fr,https://www.univ-montp3.fr
https://ror.org/05pjsgx75,Indian Institute of Technology Kanpur,https://ror.org/05pjsgx75,https://ror.org/05pjsgx75,Indian Institute of Technology Kanpur,https://www.iitk.ac.in,http://www.iitk.ac.in/
https://ror.org/05pt83522,University of Belgrade – Faculty of Forestry,https://ror.org/05pt83522,https://ror.org/05pt83522,University of Belgrade – Faculty of Forestry,https://www.sfb.bg.ac.rs,https://www.sfb.bg.ac.rs
https://ror.org/05q3vnk25,Institut de Recherche pour le Développement,https://ror.org/05q3vnk25,https://ror.org/05q3vnk25,Institut de Recherche pour le Développement,https://en.ird.fr/,https://en.ird.fr/
https://ror.org/05qrk8753,European Virus Archive AISBL,https://ror.org/05qrk8753,https://ror.org/05qrk8753,European Virus Archive AISBL,https://www.european-virus-archive.com,https://www.european-virus-archive.com
https://ror.org/05rcgef49,Institute for Complex Systems,https://ror.org/05rcgef49,https://ror.org/05rcgef49,Institute for Complex Systems,http://www.isc.cnr.it/,http://www.isc.cnr.it/
https://ror.org/05rfg0242,Marmara Environmental Monitoring Project,https://ror.org/05rfg0242,https://ror.org/05rfg0242,Marmara Environmental Monitoring Project,http://www.marem.org,http://www.marem.org
https://ror.org/05s41xv68,Dolishniy Institute of Regional Research of NAS of Ukraine,https://ror.org/05s41xv68,https://ror.org/05s41xv68,Dolishniy Institute of Regional Research of NAS of Ukraine,https://ird.gov.ua,http://ird.gov.ua/irde
https://ror.org/05sdyjv16,Cardinal Stefan Wyszynski University in Warsaw,https://ror.org/05sdyjv16,https://ror.org/05sdyjv16,Cardinal Stefan Wyszyński University in Warsaw,https://uksw.edu.pl,http://www.uksw.edu.pl/en/
https://ror.org/05snx2m33,University of Belgrade – Faculty of Sports and Physical Education,https://ror.org/05snx2m33,https://ror.org/05snx2m33,University of Belgrade – Faculty of Sports and Physical Education,http://www.fsfv.bg.ac.rs,http://www.fsfv.bg.ac.rs
https://ror.org/05t2njg22,Institute of Ethnology,https://ror.org/05t2njg22,https://ror.org/05t2njg22,Institute of Ethnology,http://www.etnologia.mta.hu/,http://www.etnologia.mta.hu/
https://ror.org/05thdk431,"Laboratoire Procédés, Matériaux et Energie Solaire",https://ror.org/05thdk431,https://ror.org/05thdk431,"Laboratoire Procédés, Matériaux et Energie Solaire",https://www.promes.cnrs.fr,http://www.promes.cnrs.fr/index.php?page=home-en
https://ror.org/05tma9m39,An-Institut für Qualitätssicherung in der operativen Medizin,https://ror.org/05tma9m39,https://ror.org/05tma9m39,An-Institut für Qualitätssicherung in der operativen Medizin,http://www.an-institut.de/,http://www.an-institut.de/
https://ror.org/05wnh3t63,Government of the United Kingdom,https://ror.org/05wnh3t63,https://ror.org/02fvybm75,Office for Product Safety and Standards,https://www.gov.uk/,https://www.gov.uk/government/organisations/office-for-product-safety-and-standards
https://ror.org/05wq5t373,Australian Association of Social Workers,https://ror.org/05wq5t373,https://ror.org/05wq5t373,Australian Association of Social Workers,https://www.aasw.asn.au,https://www.aasw.asn.au/
https://ror.org/05xvk4r52,Télécom SudParis,https://ror.org/05xvk4r52,https://ror.org/05xvk4r52,Telecom SudParis,https://www.telecom-sudparis.eu,https://www.telecom-sudparis.eu
