html_url,id,names.types.ror_display,status,types,names.types.alias,names.types.label,names.types.acronym,links.type.website,links.type.wikipedia,domains,established,external_ids.type.fundref.all,external_ids.type.fundref.preferred,external_ids.type.grid.all,external_ids.type.grid.preferred,external_ids.type.isni.all,external_ids.type.isni.preferred,external_ids.type.wikidata.all,external_ids.type.wikidata.preferred,city,country,locations.geonames_id
https://github.com/ror-community/ror-updates/issues/15013,https://ror.org/00vywdr32,replace==Slovenian Institute of Hop Research and Brewing*en,,,add==Slovenian Institute for Hop Growing and Brewing*en; Slowenisches Insttut fur Hopfenbau und Brauereiwesen*de,replace==Slovenian Institute of Hop Research and Brewing*en; Inštitut za hmeljarstvo in pivovarstvo Slovenije*sk,add==IHPS*sk,replace==https://www.ihps.si,,add==ihps.si,,,,,,add==0000 0004 0459 1549,replace==0000 0004 0459 1549,add==Q30299318,replace==Q30299318,,,
https://github.com/ror-community/ror-updates/issues/15016,https://ror.org/001vtka31,,replace==inactive,,,,,,,,,,,,,,,,,,,
https://github.com/ror-community/ror-updates/issues/15063,https://ror.org/01h5a0582,,,,,,delete==none,,,,,,,,,,,,,,,
https://github.com/ror-community/ror-updates/issues/15065,https://ror.org/00jwcjd97,,replace==withdrawn,,,,,,,,,,,,,,,,,,,
https://github.com/ror-community/ror-updates/issues/15076,https://ror.org/03cfha585,replace==WSP (New Zealand)*en,,,replace==Opus International Consultants (New Zealand)*en; WSP NZ Limited*en; WSP New Zealand Ltd*en; WSP Opus*en,replace==WSP (New Zealand)*en,,replace==https://www.wsp.com/en-nz,replace==https://en.wikipedia.org/wiki/WSP_New_Zealand,,,,,,,,,,,,,
https://github.com/ror-community/ror-updates/issues/14336,https://ror.org/04gb9ay54,,,,,,,replace==https://hpu.edu.vn,,replace==hpu.edu.vn,,,,,,,,,,,,
https://github.com/ror-community/ror-updates/issues/14339,https://ror.org/04k69sk69,replace==The Charutar Vidya Mandal (CVM) University*en,,,add==Charutar Vidya Mandal (CVM) University*en; The Charutar Vidya Mandal University*en,replace==The Charutar Vidya Mandal (CVM) University*en,,,,,,,,,,,,,,,,
https://github.com/ror-community/ror-updates/issues/14340,https://ror.org/01g400t51,,,replace==nonprofit,,,,replace==https://unas.org.ug,,replace==unas.org.ug,,,,,,,,,,,,
https://github.com/ror-community/ror-updates/issues/14343,https://ror.org/03n3yg876,,,,,,,replace==https://www.lpl.univ-paris13.fr,,replace==lpl.univ-paris13.fr,,,,,,,,,,,,
https://github.com/ror-community/ror-updates/issues/15102,https://ror.org/05fnp1145,replace==Al-Azhar University*en,,,add==Al Azhar University*en,replace==Al-Azhar University*en,,replace==http://www.azhar.edu.eg,,add==azhar.edu.eg,,,,,,,,,,,,
https://github.com/ror-community/ror-updates/issues/15100,https://ror.org/04hpbsh69,replace==Unidad Funcional de Investigación de Enfermedades Crónicas*es,,,,replace==Unidad Funcional de Investigación de Enfermedades Crónicas*es,,,,,,,,,,,,,,,,
https://github.com/ror-community/ror-updates/issues/15099,https://ror.org/03jvry011,replace==Institut für Kultur- und Geistesgeschichte Asiens*de,,,,replace==Institut für Kultur- und Geistesgeschichte Asiens*de,,replace==https://www.oeaw.ac.at/ikga,,,,,,,,,,,,,,
https://github.com/ror-community/ror-updates/issues/15096,https://ror.org/02x3e4q36,,,,add==Vilnius Tech*en,,,replace==https://vilniustech.lt,,replace==vgtu.lt;vilniustech.lt,,,,,,,,,,,,
https://github.com/ror-community/ror-updates/issues/15095,https://ror.org/05813w841,,,,,,add==SUPMICROTECH-ENSMM*fr,replace==https://www.supmicrotech.fr,,replace==ens2m.fr;supmicrotech.fr,,,,,,,,,,,,
https://github.com/ror-community/ror-updates/issues/15094,https://ror.org/02f9n2c91,,replace==inactive,,,,,,,,,,,,,,,,,,,
https://github.com/ror-community/ror-updates/issues/15092,https://ror.org/01704wp68,replace==Universiti Malaysia Pahang Al-Sultan Abdullah*ms,,,replace==Universiti Malaysia Pahang*ms; Kolej Universiti Kejuruteraan dan Teknologi Malaysia*ms; University Malaysia Pahang Al-Sultan Abdullah*en; University Malaysia Pahang*en,replace==Universiti Malaysia Pahang Al-Sultan Abdullah*ms,add==UMPSA,replace==https://www.umpsa.edu.my,,add==umpsa.edu.my,,,,,,,,,,,,
https://github.com/ror-community/ror-updates/issues/15091,https://ror.org/021v2ka51,replace==Institut national supérieur de formation et de recherche pour l'éducation inclusive*fr,,,add==Institut national supérieur de formation et de recherche pour l'éducation des jeunes handicapés et les enseignements adaptés*fr,replace==Institut national supérieur de formation et de recherche pour l'éducation inclusive*fr,add==INSEI*fr,replace==https://www.insei.fr,,add==insei.fr,,,,,,,,,,,,
https://github.com/ror-community/ror-updates/issues/15089,https://ror.org/01zz9ka42,,replace==inactive,,,,,,,,,,,,,,,,,,,
https://github.com/ror-community/ror-updates/issues/15088,https://ror.org/05gdfay69,,replace==inactive,,,,,,,,,,,,,,,,,,,
https://github.com/ror-community/ror-updates/issues/15084,https://ror.org/02xdmj269,,,,,add==Centro Latinoamericano y del Caribe de Información en Ciencias de la Salud*es,,replace==https://www.bireme.org,,add==bireme.org,,,,,,,,,,,,
https://github.com/ror-community/ror-updates/issues/15080,https://ror.org/04ez3r306,,,,add==武汉市工科院*zh,replace==武汉市工程科学技术研究院*zh,,replace==https://www.westi.com.cn,,add==westi.com.cn,,,,,,,,,,,,
https://github.com/ror-community/ror-updates/issues/15079,https://ror.org/00rwjvc96,,,,,,,replace==https://www.cee-m.fr,,add==cee-m.fr,,,,,,,,,,,,
https://github.com/ror-community/ror-updates/issues/15078,https://ror.org/00ftatp57,,,,,,,,,,,,,,,,,,,,,
https://github.com/ror-community/ror-updates/issues/15077,https://ror.org/00n2c0309,,,,,,,,,,,,,,,,,,,,,
https://github.com/ror-community/ror-updates/issues/15075,https://ror.org/05deqk823,,,,,,,,,,,,,,,,,,,,,
https://github.com/ror-community/ror-updates/issues/15074,https://ror.org/03dtebk39,,,,,add==Ethniko Asteroskopeio Athinon*el,,replace==https://www.noa.gr,,,,,,,,,,,,,,
https://github.com/ror-community/ror-updates/issues/15071,https://ror.org/01x6z5t49,,,,,,,,,,,,,,,,,,,,,
https://github.com/ror-community/ror-updates/issues/15105,https://ror.org/03mw46n78,,replace==inactive,,,,,,,,,,,,,,,,,,,
https://github.com/ror-community/ror-updates/issues/15106,https://ror.org/018ndmv91,,replace==inactive,,,,,,,,,,,,,,,,,,,
https://github.com/ror-community/ror-updates/issues/15051,https://ror.org/03zd3ta61,,,,,,,,,,,,,,,,,,,,,replace==1793511
https://github.com/ror-community/ror-updates/issues/15050,https://ror.org/00wge5k78,,,,replace==Universitetet i Tromsø – Noregs arktiske universitet*no; Universitetet i Tromsø – Noregs arktiske universitet*nn; Universitetet i Tromsø – The Arctic University of Norway*en; Universitetet i Tromsø – Norgga árktalaš universitehta*se; University of Tromsø - The Arctic University of Norway*en,replace==UiT The Arctic University of Norway*en; UiT Noregs arktiske universitet*nn; UiT Noregs arktiske universitet*no; UiT Norgga árktalaš universitehta*se,,replace==https://uit.no,,add==uit.no,,,,,,,,,,,,
https://github.com/ror-community/ror-updates/issues/15039,https://ror.org/00q7d9z06,,,,,add==Stiftelsen NILU*no,,replace==https://nilu.com,,replace==nilu.com,,,,,,,,,,,,
https://github.com/ror-community/ror-updates/issues/15023,https://ror.org/01bbf9m56,,,,,,,,,,,,,,,,,,,,,
https://github.com/ror-community/ror-updates/issues/15104,https://ror.org/05c22rx21,,,,add==Mila; Institut québécois d’intelligence artificielle*fr; Quebec Artificial Intelligence Institute*en; Montreal Institute for Learning Algorithms*en,add==Mila - Institut québécois d’intelligence artificielle*fr,,replace==https://mila.quebec,,add==mila.quebec,,,,,,,,,,,,
https://github.com/ror-community/ror-updates/issues/15066,https://ror.org/022zbs961,,,,add==Université de Yaoundé 1*fr; University of Yaoundé 1*en,,,,,,,,,,,,,,,,,
https://github.com/ror-community/ror-updates/issues/15046,https://ror.org/02jjdwm75,,,,add==Universidad Instituto de Empresa*es,add==IE Universidad*es,,,,,,,,,,,,,,,,
https://github.com/ror-community/ror-updates/issues/15110,https://ror.org/05sbm1c04,replace==University of Pembangunan Nasional Veteran Jawa Timur*en,,,add==University of Pembangunan Nasional Veteran*en; Universitas Pembangunan Nasional Veteran*id; UPN Veteran Jawa Timur*id; UPN Veteran Jatim*id,replace==Universitas Pembangunan Nasional Veteran Jawa Timur*id; University of Pembangunan Nasional Veteran Jawa Timur*en,delete,,replace==https://id.wikipedia.org/wiki/Universitas_Pembangunan_Nasional_Veteran_Jawa_Timur,,,,,,,,,,,,,
https://github.com/ror-community/ror-updates/issues/15113,https://ror.org/05gsbkp40,replace==Cancer Council NSW*en,,,add==Cancer Council New South Wales*en,replace==Cancer Council NSW*en,,replace==https://www.cancercouncil.com.au,,add==cancercouncil.com.au,,,,,,,,,,,,
https://github.com/ror-community/ror-updates/issues/15036,https://ror.org/00dnr1h67,,,,,,,replace==https://www.iksp.cz,,add==iksp.cz,,,,,,,,,,,,
https://github.com/ror-community/ror-updates/issues/15019,https://ror.org/0349bsm71,replace==Hong Kong Metropolitan University*en,,,add==Open University of Hong Kong*en; 香港公開大學*zh,replace==Hong Kong Metropolitan University*en; 香港都會大學*zh,,replace==https://www.hkmu.edu.hk,,add==hkmu.edu.hk,,,,,,,,,,,,
https://github.com/ror-community/ror-updates/issues/14349,https://ror.org/05ynctv81,,,,add==Unilasallista*es,,,replace==https://www.unilasallista.edu.co,,,,,,,,,,,,,,
https://github.com/ror-community/ror-updates/issues/14358,https://ror.org/01d2r8q06,,,,,,,replace==https://www.amz.hr,,add==amz.hr,,,,,,,,,,,,
https://github.com/ror-community/ror-updates/issues/15108,https://ror.org/054vayn55,,replace==inactive,,,,,,,,,,,,,,,,,,,
https://github.com/ror-community/ror-updates/issues/15200,https://ror.org/02fvps960,replace==Farabi Hospital*en,,,add==Farabi Eye Hospital*en,replace==Farabi Hospital*en; بیمارستان فارابی*fa,,,,,,,,,,,,,,,,
https://github.com/ror-community/ror-updates/issues/15216,https://ror.org/01jqdqz10,,,,,,,replace==https://sinahospital.tums.ac.ir,,add==sinahospital.tums.ac.ir,,,,,,,,,,,,
https://github.com/ror-community/ror-updates/issues/14646,https://ror.org/054tbkd46,replace==Universidad Autónoma de Guerrero*es,,,add==Autonomous University of Guerrero*en,replace==Universidad Autónoma de Guerrero*es,,replace==https://www.uagro.mx,,add==uagro.mx,,,,,,,,,,,,
https://github.com/ror-community/ror-updates/issues/14364,https://ror.org/01cdy6h50,"replace==Universidad Central ""Marta Abreu"" de las Villas (UCLV)*es",,,add==Central University of Las Villas*en,"replace==Universidad Central Marta Abreu de las Villas*es; Universidad Central ""Marta Abreu"" de las Villas*es",,replace==https://www.uclv.edu.cu,,add==uclv.edu.cu,,,,,,,,,,,,
https://github.com/ror-community/ror-updates/issues/14373,https://ror.org/026md7341,"replace==Mental Health Research Institute, Tomsk National Research Medical Center, Russian Academy of Sciences*en",,,add==Mental Health Research Institute of the Tomsk National Research Medical Center of the Russian Academy of Sciences*en; Research Institute of Mental Health*en; Федеральное государственное бюджетное научное учреждение Научно-исследовательский институт психического здоровья*ru,"replace==Mental Health Research Institute, Tomsk National Research Medical Center, Russian Academy of Sciences*en; Федеральное государственное бюджетное научное учреждение ""Томский национальный исследовательский медицинский центр Российской академии наук"" Научно-исследовательский институт психического здоровья*ru",,,,add==mental-health.ru,,,,,,,,,,,,
https://github.com/ror-community/ror-updates/issues/14374,https://ror.org/03ep3q589,replace==Leibniz-Institut für Verbundwerkstoffe GmbH*de,,,add==Leibniz-Institut für Verbundwerkstoffe*de; Institute for Composite Materials*en; Institut für Verbundwerkstoffe*de; Institut für Verbundwerkstoffe GmbH*de,replace==Leibniz-Institut für Verbundwerkstoffe GmbH*de,,replace==https://www.leibniz-ivw.de,,add==leibniz-ivw.de,,,,,,,,,,,,
https://github.com/ror-community/ror-updates/issues/14382,https://ror.org/01y3ft232,,,,"add==Economics Institute CAS*en; Národohospodářský ústav AV ČR, veřejná výzkumná instituce*cs; NHÚ AV ČR, v. v. i.*cs",,,replace==https://www.ei.cas.cz,,add==ei.cas.cz,,,,,,,,,,,,
https://github.com/ror-community/ror-updates/issues/14635,https://ror.org/01gkmhp75,,,,,replace==Raparin Technical and Vocational Institute*en; معهد رابرين التقني والمهني*ar; پەیمانگەی تەکنیکی و پیشەی ڕاپەڕین*ku,,,,,,,,,,,,,,,,
https://github.com/ror-community/ror-updates/issues/14637,https://ror.org/05wrbcx33,,,,"add==Institute of Photonics and Electronics CAS*en; Czech Acad Sci, Inst Photon & Electron*en","add==Ústav fotoniky a elektroniky AV ČR, v. v. i.*cs; Ústav fotoniky a elektroniky AV ČR, veřejná výzkumná instituce*cs",,,,,,,,,,,,add==Q11087508,replace==Q11087508,,,
https://github.com/ror-community/ror-updates/issues/14638,https://ror.org/05xw0ep96,,,,"add==Institute of Physiology CAS*en; Czech Acad Sci, Inst Physiol*en","add==Fyziologický ústav AV ČR, v. v. i.*cs; Fyziologický ústav AV ČR, veřejná výzkumná instituce*cs",,replace==https://fgu.cas.cz,,add==fgu.cas.cz,,,,,,,,add==Q12017944,replace==Q12017944,,,
https://github.com/ror-community/ror-updates/issues/14639,https://ror.org/02ynmc580,replace==Laboratoire Animal et Agroécosystèmes*fr,,,add==L2A : Laboratoire Animal et Agroécosystèmes*fr; Unite de Recherche Animal et Fonctionnalités des Produits Animaux*fr; UR Animal et Fonctionnalités des Produits Animaux*fr; Animal et Fonctionnalités des Produits Animaux*fr,replace==Laboratoire Animal et Agroécosystèmes*fr,replace==L2A*fr; URAFPA*fr,replace==https://www.urafpa.fr,,add==urafpa.fr,replace==2005,,,,,,,add==Q130348571,replace==Q130348571,,,
https://github.com/ror-community/ror-updates/issues/15222,https://ror.org/02a3pzh97,,,,add==Polytechnic University of Puebla*en,,,,,,,,,,,,,,,,,
https://github.com/ror-community/ror-updates/issues/14642,https://ror.org/03jb68d62,replace==IEEG*es,,replace==Government,,replace==IEEG*es; Instituto Electoral del Estado de Guanajuato*es,delete,,,,,,,,,,,replace==Q116959507,replace==Q116959507,,,
https://github.com/ror-community/ror-updates/issues/15223,https://ror.org/01rpe9k96,replace==Tokat Gaziosmanpaşa Üniversitesi*tr,,,add==Tokat Gaziosmanpasa Universitesi*tr; Tokat Gaziosmanpaşa University*en; Tokat Gaziosmanpasa University*en; Gaziosmanpaşa University*en; Gaziosmanpaşa Üniversitesi*tr; Gaziosmanpasa Universitesi*tr,replace==Tokat Gaziosmanpaşa Üniversitesi*tr,add==TGOP*tr; TOGU*tr,replace==https://www.gop.edu.tr,,add==gop.edu.tr,,,,,,,,,,,,
https://github.com/ror-community/ror-updates/issues/14658,https://ror.org/02fhy7464,replace==Mathematical Institute of the Slovak Academy of Sciences*en,,,"add==Matematický ústav SAV*sk; Mathematical Institute SAV*en; Matematický Ústav SAV*sk; Matematický ústav Slovenská akadémia vied, v. v. i.*sk; Matematický ústav Slovenská akadémia vied verejná výskumná inštitúcia*sk; Matematický Ústav SAV, v. v. i.*sk",replace==Mathematical Institute of the Slovak Academy of Sciences*en; Matematický ústav Slovenskej akadémie vied*sk,,replace==https://www.mat.savba.sk,,add==mat.savba.sk,,,,,,,,,,,,
https://github.com/ror-community/ror-updates/issues/14659,https://ror.org/0046rz373,replace==Institute of Experimental Physics of the Slovak Academy of Sciences*en,,,"add==Institute of Experimental Physics*en; Institute of Experimental Physics SAV*en; Ústav Experimentálnej Fyziky SAV*sk; Ústav Experimentálnej Fyziky Slovenská akadémia vied, verejná výskumná inštitúcia*sk; Ústav Experimentálnej Fyziky Slovenská akadémia vied, v. v. i.*sk; Ústav Experimentálnej Fyziky SAV, v. v. i.*sk",replace==Institute of Experimental Physics of the Slovak Academy of Sciences*en; Ústav Experimentálnej Fyziky Slovenská akadémia vied*sk,,replace==https://websrv.saske.sk/uef/,,,,,,,,,,,,,,
https://github.com/ror-community/ror-updates/issues/14660,https://ror.org/04af1jj69,replace==Union of Slovak Mathematicians and Physicists*en,,,,replace==Union of Slovak Mathematicians and Physicists*en; Jednota slovenských matematikov a fyzikov*sk,,replace==https://www.jsmf.eu,,replace==jsmf.eu,,,,,,,,,,,,
https://github.com/ror-community/ror-updates/issues/14661,https://ror.org/02rt1qz74,replace==Institute of Electrical Engineering of the Slovak Academy of Sciences*en,,,"replace==Elektrotechnický ústav SAV*sk; Institute of Electrical Engineering*en; Institute of Electrical Engineering SAS*en; Institute of Electrical Engineering SAV*en; Elektrotechnický ústav SAV*en; Elektrotechnický ústav Slovenská akadémia vied, verejná výskumná inštitúcia*sk; Elektrotechnický ústav Slovenská akadémia vied, v. v. i.*sk; Elektrotechnický ústav, v. v. i.*sk",replace==Institute of Electrical Engineering of the Slovak Academy of Sciences*en; Elektrotechnický ústav Slovenská akadémia vied*sk,replace==ELÚ SAV*sk; IEE SAS*en,replace==https://elu.sav.sk,,add==elu.sav.sk,,,,,,,,,,,,
https://github.com/ror-community/ror-updates/issues/14662,https://ror.org/05ebfqk43,replace==Institute of Geotechnics of the Slovak Academy of Sciences*en,,,"replace==Ústav Geotechniky SAV*sk; Institute of Geotechnics*en; Institute of Geotechnics SAS*en; Institute of Geotechnics SAV*sk; Ústav Geotechniky Slovenská akadémia vied, verejná výskumná inštitúcia*sk; Ústav Geotechniky Slovenská akadémia vied, v. v. i.*sk; Ústav Geotechniky SAV, v. v. i.*sk",replace==Institute of Geotechnics of the Slovak Academy of Sciences*en; Ústav Geotechniky Slovenská akadémia vied*sk,,replace==https://ugt.saske.sk,,add==ugt.saske.sk,,,,,,,,,,,,
https://github.com/ror-community/ror-updates/issues/14663,https://ror.org/04jgqpc26,replace==Institute of Informatics of the Slovak Academy of Sciences*en,,,"replace==Institute of Informatics*en; Ustav Informatiky SAV*sk; Institute of Informatics SAS*en; Institute of Informatics SAV*en; Ustav Informatiky Slovenská akadémia vied, verejná výskumná inštitúcia*sk; Ustav Informatiky SAV, v. v. i.*sk",replace==Institute of Informatics of the Slovak Academy of Sciences*en; Ustav Informatiky Slovenská akadémia vied*sk,,replace==https://www.ui.sav.sk,,add==ui.sav.sk,,,,,,,,,,,,
https://github.com/ror-community/ror-updates/issues/14664,https://ror.org/01xja5k46,replace==Institute of Materials and Machine Mechanics of the Slovak Academy of Sciences*en,,,"replace==Ústav Materiálov a Mechaniky Strojov SAV*sk; Institute of Materials and Machine Mechanics*en; Institute of Materials and Machine Mechanics SAS*en; Institute of Materials and Machine Mechanics SAV*en; Ústav Materiálov a Mechaniky Strojov Slovenská akadémia vied, verejná výskumná inštitúcia*sk; Ústav Materiálov a Mechaniky Strojov Slovenská akadémia vied, v. v. i.*sk; Ústav Materiálov a Mechaniky Strojov SAV, v. v. i.*sk",replace==Institute of Materials and Machine Mechanics of the Slovak Academy of Sciences*en; Ústav Materiálov a Mechaniky Strojov Slovenská akadémia vied*sk,add==ÚMMS SAV*sk,,,replace==immm.sav.sk,,,,,,,,,,,,
https://github.com/ror-community/ror-updates/issues/14665,https://ror.org/029fer260,replace==Institute of Materials Research of the Slovak Academy of Sciences*en,,,"replace==Institute of Materials Research*en; Institute of Materials Research SAS*en; Institute of Materials Research SAV*en; Ústav materiálového výskumu SAV*sk; Ústav materiálového výskumu Slovenská akadémia vied, verejná výskumná inštitúcia*sk; Ústav materiálového výskumu Slovenská akadémia vied, v. v. i.*sk; Ústav materiálového výskumu SAV, v. v. i.*sk",replace==Institute of Materials Research of the Slovak Academy of Sciences*en; Ústav materiálového výskumu Slovenská akadémia vied*sk,,replace==https://websrv.saske.sk/imr/,,,,,,,,,,,,,,
https://github.com/ror-community/ror-updates/issues/14666,https://ror.org/00kmnqa46,replace==Institute of Measurement Science of the Slovak Academy of Sciences*en,,,"replace==Ústav Merania SAV*sk; Institute of Measurement Science*en; Institute of Measurement Science SAS*en; Institute of Measurement Science SAV*en; Ústav Merania Slovenská akadémia vied, verejná výskumná inštitúcia*sk; Ústav Merania Slovenská akadémia vied, v. v. i.*sk; Ústav Merania SAV, v. v. i.*sk",replace==Institute of Measurement Science of the Slovak Academy of Sciences*en; Ústav Merania Slovenská akadémia vied*sk,,replace==https://www.um.sav.sk,,add==um.sav.sk,,,,,,,,,,,,
https://github.com/ror-community/ror-updates/issues/14668,https://ror.org/02s3ds748,replace==Biomedical Research Center of the Slovak Academy of Sciences*en,,,"replace==Biomedicínske Centrum SAV*sk; Biomedical Research Center SAS*en; Biomedical Research Center SAV*en; Biomedicínske Centrum Slovenská akadémia vied, verejná výskumná inštitúcia*sk; Biomedicínske Centrum Slovenská akadémia vied, v. v. i.*sk; Biomedicínske Centrum SAV, v. v. i.*sk",replace==Biomedical Research Center of the Slovak Academy of Sciences*en; Biomedicínske Centrum Slovenská akadémia vied*sk,,replace==http://www.biomedcentrum.sav.sk,,add==biomedcentrum.sav.sk,,,,,,,,,,,,
https://github.com/ror-community/ror-updates/issues/14669,https://ror.org/01a1nz002,replace==Institute of Experimental Endocrinology of the Slovak Academy of Sciences*en,,,"replace==Institute of Experimental Endocrinology*en; Institute of Experimental Endocrinology SAS*en; Institute of Experimental Endocrinology SAV*en; Ústav experimentálnej endokrinológie SAV*sk; Ústav experimentálnej endokrinológie Slovenská akadémia vied, verejná výskumná inštitúcia*sk; Ústav experimentálnej endokrinológie Slovenská akadémia vied, v. v. i.*sk; Ústav experimentálnej endokrinológie SAV, v. v. i.*sk",replace==Institute of Experimental Endocrinology of the Slovak Academy of Sciences*en; Ústav experimentálnej endokrinológie Slovenská akadémia vied*sk,,replace==http://www.endo.sav.sk,,add==endo.sav.sk,,,,,,,,,,,,
https://github.com/ror-community/ror-updates/issues/14670,https://ror.org/02v8wkr26,replace==Cancer Research Institute of the Slovak Academy of Sciences*en,,,"replace==Ústav experimentalnej onkológie SAV*sk; Cancer Research Institute*en; Cancer Research Institute SAS*en; Cancer Research Institute SAV*en; Ústav experimentalnej onkológie Slovenská akadémia vied, verejná výskumná inštitúcia*sk; Ústav experimentalnej onkológie Slovenská akadémia vied, v. v. i.*sk; Ústav experimentalnej onkológie, v. v. i.*sk",replace==Cancer Research Institute of the Slovak Academy of Sciences*en; Ústav experimentalnej onkológie Slovenská akadémia vied*sk,,replace==http://www.endo.sav.sk,,add==endo.sav.sk,,,,,,,,,,,,
https://github.com/ror-community/ror-updates/issues/14671,https://ror.org/04xrjem68,replace==Institute of Virology of the Slovak Academy of Sciences*en,,,"replace==Virologického ústavu SAV*sk; Institute of Virology*en; Institute of Virology SAS*en; Institute of Virology SAV*en; Virologického ústavu Slovenská akadémia vied, verejná výskumná inštitúcia*sk; Virologického ústavu Slovenská akadémia vied, v. v. i.*sk; Virologického ústavu, v. v. i.*sk",replace==Institute of Virology of the Slovak Academy of Sciences*en; Virologického ústavu Slovenská akadémia vied*sk,,,,,,,,,,,,,,,,
https://github.com/ror-community/ror-updates/issues/14672,https://ror.org/0380mmw63,replace==Centre of Experimental Medicine of the Slovak Academy of Sciences*en,,,"replace==Centrum experimentálnej medicíny SAV*sk; Centre of Experimental Medicine*en; Centre of Experimental Medicine SAS*en; Centre of Experimental Medicine SAV*en; Centrum experimentálnej medicíny Slovenská akadémia vied, verejná výskumná inštitúcia*sk; Centrum experimentálnej medicíny Slovenská akadémia vied, v. v. i.*sk; Centrum experimentálnej medicíny, v. v. i.*sk",replace==Centre of Experimental Medicine of the Slovak Academy of Sciences*en; Centrum experimentálnej medicíny Slovenská akadémia vied*sk,,replace==https://cem.sav.sk,,add==cem.sav.sk,,,,,,,,,,,,
https://github.com/ror-community/ror-updates/issues/14673,https://ror.org/0588pbz68,replace==Institute of Experimental Pharmacology and Toxicology of the Slovak Academy of Sciences*en,,,"add==Ústav experimentálnej farmakológie a toxikológie SAV*sk; Institute of Experimental Pharmacology and Toxicology*en; Institute of Experimental Pharmacology and Toxicology SAS*en; Institute of Experimental Pharmacology and Toxicology SAV*en; Ústav experimentálnej farmakológie a toxikológie Slovenská akadémia vied, v. v. i.*sk; Ústav experimentálnej farmakológie a toxikológie SAV, v. v. i.*sk",replace==Institute of Experimental Pharmacology and Toxicology of the Slovak Academy of Sciences*en; Ústav experimentálnej farmakológie a toxikológie Slovenská akadémia vied*sk,,replace==https://uef.sav.sk,,add==uef.sav.sk,,,,,,,,,,,,
https://github.com/ror-community/ror-updates/issues/14674,https://ror.org/05ra1x588,replace==Institute of Normal and Pathological Physiology of the Slovak Academy of Sciences*en,,,"add==Ústav normálnej a patologickej fyziológie SAV*sk; Institute of Normal and Pathological Physiology*en; Institute of Normal and Pathological Physiology SAS*en; Institute of Normal and Pathological Physiology SAV*en; Ústav normálnej a patologickej fyziológie Slovenská akadémia vied, verejná výskumná inštitúcia*sk; Ústav normálnej a patologickej fyziológie Slovenská akadémia vied, v. v. i.*sk; Ústav normálnej a patologickej fyziológie, v. v. i.*sk",replace==Institute of Normal and Pathological Physiology of the Slovak Academy of Sciences*en; Ústav normálnej a patologickej fyziológie Slovenská akadémia vied*sk,,replace==https://unpf.sav.sk,,add==unpf.sav.sk,,,,,,,,,,,,
https://github.com/ror-community/ror-updates/issues/14675,https://ror.org/05c516317,replace==Institute of Neuroimmunology of the Slovak Academy of Sciences*en,,,"add==Neuroimunologického ústavu SAV*sk; Institute of Neuroimmunology*en; Institute of Neuroimmunology SAS*en; Institute of Neuroimmunology SAV*en; Neuroimunologického ústavu Slovenská akadémia vied, verejná výskumná inštitúcia*sk; Neuroimunologického ústavu Slovenská akadémia vied, v. v. i.*sk; Neuroimunologického ústavu SAV, v. v. i.*sk",replace==Institute of Neuroimmunology of the Slovak Academy of Sciences*en; Neuroimunologického ústavu Slovenská akadémia vied*sk,,replace==https://niu.sav.sk,,add==niu.sav.sk,,,,,,,,,,,,
https://github.com/ror-community/ror-updates/issues/14676,https://ror.org/019snar59,replace==Centre of Biosciences of the Slovak Academy of Sciences*en,,,"add==Centrum biovied SAV*sk; Centre of Biosciences*en; Centre of Biosciences SAS*en; Centre of Biosciences SAV*en; Centrum biovied Slovenská akadémia vied, verejná výskumná inštitúcia*sk; Centrum biovied Slovenská akadémia vied, v. v. i.*sk; Centrum biovied SAV, v. v. i.*sk",replace==Centre of Biosciences of the Slovak Academy of Sciences*en; Centrum biovied Slovenská akadémia vied*sk,,replace==https://cbv.sav.sk,,add==cbv.sav.sk,,,,,,,,,,,,
https://github.com/ror-community/ror-updates/issues/14677,https://ror.org/05kar0v43,replace==Institute of Animal Physiology of the Slovak Academy of Sciences*en,,,"add==Ústav fyziológie hospodárskych zviera SAV*sk; Institute of Animal Physiology*en; Institute of Animal Physiology SAS*en; Institute of Animal Physiology SAV*en; Ústav fyziológie hospodárskych zviera Slovenská akadémia vied, verejná výskumná inštitúcia*sk; Ústav fyziológie hospodárskych zviera Slovenská akadémia vied, v. v. i.*sk; Ústav fyziológie hospodárskych zviera, v. v. i. SAV*sk",replace==Institute of Animal Physiology of the Slovak Academy of Sciences*en; Ústav fyziológie hospodárskych zviera Slovenská akadémia vied*sk,,replace==https://ufhz.sav.sk,,add==ufhz.sav.sk,,,,,,,,,,,,
https://github.com/ror-community/ror-updates/issues/14678,https://ror.org/02te3c603,replace==Institute of Chemistry of the Slovak Academy of Sciences*en,,,"add==Chemický ústav Slovenská akadémia vied SAV*sk; Institute of Chemistry*en; Institute of Chemistry SAS*en; Institute of Chemistry SAV*en; Chemický ústav Slovenská akadémia vied, verejná výskumná inštitúcia*sk; Chemický ústav Slovenská akadémia vied, v. v. i.*sk; Chemický ústav Slovenská akadémia vied SAV, v. v. i.*sk",replace==Institute of Chemistry of the Slovak Academy of Sciences*en; Chemický ústav Slovenská akadémia vied*sk,,replace==http://www.chem.sk,,add==chem.sk,,,,,,,,,,,,
https://github.com/ror-community/ror-updates/issues/14679,https://ror.org/01tpajh44,replace==Institute of Inorganic Chemistry of the Slovak Academy of Sciences*en,,,"add==Ústav anorganickej chémie SAV*sk; Institute of Inorganic Chemistry*en; Institute of Inorganic Chemistry SAS*en; Institute of Inorganic Chemistry SAV*en; Ústav anorganickej chémie Slovenská akadémia vied, verejná výskumná inštitúcia*sk; Ústav anorganickej chémie Slovenská akadémia vied, v. v. i.*sk; Ústav anorganickej chémie SAV, v. v. i.*sk",replace==Institute of Inorganic Chemistry of the Slovak Academy of Sciences*en; Ústav anorganickej chémie Slovenská akadémia vied*sk,,replace==https://uach.sav.sk,,add==uach.sav.sk,,,,,,,,,,,,
https://github.com/ror-community/ror-updates/issues/14680,https://ror.org/01wrzrg21,replace==Institute of Molecular Biology of the Slovak Academy of Sciences*en,,,"replace==Ústav molekulárnej biológie SAV*sk; Institute of Molecular Biology*en; Institute of Molecular Biology SAS*en; Institute of Molecular Biology SAV*en; Ústav molekulárnej biológie Slovenská akadémia vied, verejná výskumná inštitúcia*sk; Ústav molekulárnej biológie Slovenská akadémia vied, v. v. i.*sk; Ústav molekulárnej biológie SAV, v. v. i.*sk",replace==Institute of Molecular Biology of the Slovak Academy of Sciences*en; Ústav molekulárnej biológie Slovenská akadémia vied*sk,,replace==http://www.imb.savba.sk,,add==imb.savba.sk,,,,,,,,,,,,
https://github.com/ror-community/ror-updates/issues/14681,https://ror.org/00wadf468,replace==Polymer Institute of the Slovak Academy of Sciences*en,,,"replace==Ústav polymérov SAV*sk; Polymer Institute*en; Polymer Institute SAS*en; Polymer Institute SAV*en; Ústav polymérov Slovenská akadémia vied, verejná výskumná inštitúcia*sk; Ústav polymérov Slovenská akadémia vied, v. v. i.*sk; Ústav polymérov SAV, v. v. i.*sk",replace==Polymer Institute of the Slovak Academy of Sciences*en; Ústav polymérov Slovenská akadémia vied*sk,add==PISAS*en; ÚPo SAV*sk,replace==https://polymer.sav.sk,,add==polymer.sav.sk,,,,,,,,,,,,
https://github.com/ror-community/ror-updates/issues/14682,https://ror.org/05tm6j853,replace==Institute of Zoology of the Slovak Academy of Sciences*en,,,"replace==Ústav zoológie SAV*sk; Institute of Zoology*en; Institute of Zoology SAS*en; Institute of Zoology SAV*en; Ústav zoológie Slovenská akadémia vied, verejná výskumná inštitúcia*sk; Ústav zoológie Slovenská akadémia vied, v. v. i.*sk; Ústav zoológie SAV, v. v. i.*sk",replace==Institute of Zoology of the Slovak Academy of Sciences*en; Ústav zoológie Slovenská akadémia vied*sk,,replace==https://zoo.sav.sk,,add==zoo.sav.sk,,,,,,,,,,,,
https://github.com/ror-community/ror-updates/issues/14683,https://ror.org/00ayvpa66,replace==Institute of Botany of the Slovak Academy of Sciences*en,,,"add==Botanický ústav SAV*sk; Institute of Botany*en; Institute of Botany SAS*en; Institute of Botany SAV*en; Botanický ústav Slovenská akadémia vied, verejná výskumná inštitúcia*sk; Botanický ústav Slovenská akadémia vied, v. v. i.*sk; Botanický ústav SAV, v. v. i.*sk",replace==Institute of Botany of the Slovak Academy of Sciences*en; Botanický ústav Slovenská akadémia vied*sk,,replace==https://ibot.sav.sk,,add==ibot.sav.sk,,,,,,,,,,,,
https://github.com/ror-community/ror-updates/issues/14684,https://ror.org/01ywyw124,replace==Institute of Plant Genetics and Biotechnology of the Slovak Academy of Sciences*en,,,"add==Ústav genetiky a biotechnológií rastlín SAV*Sk; Institute of Plant Genetics and Biotechnology*en; Ústav genetiky a biotechnológií rastlín Slovenská akadémia vied, verejná výskumná inštitúcia*sk; Ústav genetiky a biotechnológií rastlín Slovenská akadémia vied, v. v. i.*sk; Ústav genetiky a biotechnológií rastlín SAV, v. v. i.*sk",replace==Institute of Plant Genetics and Biotechnology of the Slovak Academy of Sciences*en; Ústav genetiky a biotechnológií rastlín Slovenská akadémia vied*sk,,replace==https://ugbr.sav.sk,,add==ugbr.sav.sk,,,,,,,,,,,,
https://github.com/ror-community/ror-updates/issues/14685,https://ror.org/01c7rrt10,replace==Institute of Parasitology of the Slovak Academy of Sciences*en,,,"add==Parazitologický ústav SAV*sk; Institute of Parasitology*en; Institute of Parasitology SAS*en; Institute of Parasitology SAV*en; Parazitologický ústav a biotechnológií rastlín Slovenská akadémia vied, verejná výskumná inštitúcia*sk; Parazitologický ústav a biotechnológií rastlín Slovenská akadémia vied, v. v. i.*sk; Parazitologický ústav SAV, v. v. i.*sk",replace==Institute of Parasitology of the Slovak Academy of Sciences*en; Parazitologický ústav a biotechnológií rastlín Slovenská akadémia vied*sk,,replace==https://pau.saske.sk,,add==pau.saske.sk,,,,,,,,,,,,
https://github.com/ror-community/ror-updates/issues/14686,https://ror.org/002fnes28,replace==Institute of Forest Ecology of the Slovak Academy of Sciences*en,,,"add==Ústav ekológie lesa SAV*sk; Institute of Forest Ecology*en; Institute of Forest Ecology SAS*en; Institute of Forest Ecology SAV*en; Ústav ekológie lesa Slovenská akadémia vied, verejná výskumná inštitúcia*sk; Ústav ekológie lesa Slovenská akadémia vied, v. v. i.*sk; Ústav ekológie lesa SAV, v. v. i.*sk",replace==Institute of Forest Ecology of the Slovak Academy of Sciences*en; Ústav ekológie lesa Slovenská akadémia vied*sk,,replace==https://ife.sk,,add==ife.sk,,,,,,,,,,,,
https://github.com/ror-community/ror-updates/issues/14687,https://ror.org/010tdjz06,replace==Institute of Landscape Ecology of the Slovak Academy of Sciences*en,,,"replace==Ústav krajinnej ekológie SAV*sk; Institute of Landscape Ecology*en; Institute of Landscape Ecology SAS*en; Institute of Landscape Ecology SAV*en; Ústav krajinnej ekológie Slovenská akadémia vied, verejná výskumná inštitúcia*sk; Ústav krajinnej ekológie Slovenská akadémia vied, v. v. i.*sk; Ústav krajinnej ekológie SAV, v. v. i.*sk",replace==Institute of Landscape Ecology of the Slovak Academy of Sciences*en; Ústav krajinnej ekológie Slovenská akadémia vied*sk,,replace==https://www.uke.sav.sk,,add==uke.sav.sk,,,,,,,,,,,,
https://github.com/ror-community/ror-updates/issues/14688,https://ror.org/004pv5w59,replace==Institute of Archaeology of the Slovak Academy of Sciences*en,,,"add==Archeologický ústav SAV*sk; Institute of Archaeology*en; Institute of Archaeology SAS*en; Institute of Archaeology SAV*en; Archeologický ústav Slovenská akadémia vied, verejná výskumná inštitúcia*sk; Archeologický ústav Slovenská akadémia vied, v. v. i.*sk; Archeologický ústav SAV, v. v. i.*sk",replace==Institute of Archaeology of the Slovak Academy of Sciences*en; Archeologický ústav Slovenská akadémia vied*sk,,replace==https://archeol.sav.sk,,add==archeol.sav.sk,,,,,,,,,,,,
https://github.com/ror-community/ror-updates/issues/14667,https://ror.org/006ghkj05,replace==Institute of Construction and Architecture of the Slovak Academy of Sciences*en,,,"add==Ústav stavebníctva a architektúry SAV*sk; Institute of Construction and Architecture*en; Institute of Construction and Architecture SAS*en; Institute of Construction and Architecture SAV*en; Ústav stavebníctva a architektúry Slovenská akadémia vied, verejná výskumná inštitúcia*sk; Ústav stavebníctva a architektúry Slovenská akadémia vied, v. v. i.*sk; Ústav stavebníctva a architektúry SAV, v. v. i.*sk",replace==Institute of Construction and Architecture of the Slovak Academy of Sciences*en; Ústav stavebníctva a architektúry Slovenská akadémia vied*sk,,replace==http://www.ustarch.sav.sk,,add==ustarch.sav.sk,,,,,,,,,,,,
https://github.com/ror-community/ror-updates/issues/14703,https://ror.org/02d2p5z18,replace==Institute of Slovak Literature of the Slovak Academy of Sciences*en,,,"replace==Ústav svetovej literatúry SAV*sk; Institute of Slovak Literature*en; Institute of Slovak Literature SAS*en; Institute of Slovak Literature SAV*en; Ústav svetovej literatúry Slovenská akadémia vied, verejná výskumná inštitúcia*sk; Ústav svetovej literatúry Slovenská akadémia vied, v. v. i.*sk; Ústav svetovej literatúry SAV, v. v. i.*sk",replace==Institute of Slovak Literature of the Slovak Academy of Sciences*en; Ústav svetovej literatúry Slovenská akadémia vied*sk,,replace==https://uslit.sav.sk,,add==uslit.sav.sk,,,,,,,,,,,,
https://github.com/ror-community/ror-updates/issues/14702,https://ror.org/05fn63v39,replace==Institute of Oriental Studies of the Slovak Academy of Sciences*en,,,"add==Ústav orientalistiky SAV*sk; Institute of Oriental Studies*en; Institute of Oriental Studies SAS*en; Institute of Oriental Studies SAV*en; Ústav orientalistiky Slovenská akadémia vied, verejná výskumná inštitúcia*sk; Ústav orientalistiky Slovenská akadémia vied, v. v. i.*sk; Ústav orientalistiky SAV, v. v. i.*sk",replace==Institute of Oriental Studies of the Slovak Academy of Sciences*en; Ústav orientalistiky Slovenská akadémia vied*sk,,replace==https://orient.sav.sk,,add==orient.sav.sk,,,,,,,,,,,,
https://github.com/ror-community/ror-updates/issues/14701,https://ror.org/05qsgqc11,replace==Institute of Musicology of the Slovak Academy of Sciences*en,,,"replace==Ústav hudobnej vedy SAV*sk; Institute of Musicology*en; Institute of Musicology SAS*en; Institute of Musicology SAV*en; Ústav hudobnej vedy Slovenská akadémia vied, verejná výskumná inštitúcia*sk; Ústav hudobnej vedy Slovenská akadémia vied, v. v. i.*sk; Ústav hudobnej vedy SAV, v. v. i.*sk",replace==Institute of Musicology of the Slovak Academy of Sciences*en; Ústav hudobnej vedy Slovenská akadémia vied*sk,,replace==https://uhv.sav.sk,,add==uhv.sav.sk,,,,,,,,,,,,
https://github.com/ror-community/ror-updates/issues/14700,https://ror.org/05jjhy865,replace==Jan Stanislav Institute of Slavistics of the Slovak Academy of Sciences*en,,,"add==Slavistický ústav Jána Stanislava SAV*sk; Jan Stanislav Institute of Slavistics*en; Jan Stanislav Institute of Slavistics SAS*en; Jan Stanislav Institute of Slavistics SAV*en; Slavistický ústav Jána Stanislava Slovenská akadémia vied, verejná výskumná inštitúcia*sk; Slavistický ústav Jána Stanislava Slovenská akadémia vied, v. v. i.*sk; Slavistický ústav Jána Stanislava SAV, v. v. i.*sk",replace==Jan Stanislav Institute of Slavistics of the Slovak Academy of Sciences*en; Slavistický ústav Jána Stanislava Slovenská akadémia vied*sk,,replace==http://www.slavu.sav.sk,,add==slavu.sav.sk,,,,,,,,,,,,
https://github.com/ror-community/ror-updates/issues/14699,https://ror.org/0517k6d93,replace==Ludovit Stur Institute of Linguistics of the Slovak Academy of Sciences*en,,,"add==Jazykovedný ústav Ľudovíta Štúra SAV*sk; Ludovit Stur Institute of Linguistics*en; Ludovit Stur Institute of Linguistics SAS*en; Ludovit Stur Institute of Linguistics SAV*en; Jazykovedný ústav Ľudovíta Štúra Slovenská akadémia vied, verejná výskumná inštitúcia*sk; Jazykovedný ústav Ľudovíta Štúra Slovenská akadémia vied, v. v. i.*sk; Jazykovedný ústav Ľudovíta Štúra SAV, v. v. i.*sk",replace==Ludovit Stur Institute of Linguistics of the Slovak Academy of Sciences*en; Jazykovedný ústav Ľudovíta Štúra Slovenská akadémia vied*sk,,replace==https://www.juls.savba.sk,,add==juls.savba.sk,,,,,,,,,,,,
https://github.com/ror-community/ror-updates/issues/14698,https://ror.org/00frv1728,replace==Art Research Centre of the Slovak Academy of Sciences*en,,,"add==Centrum vied o umení SAV*Sk; Art Research Centre*en; Art Research Centre SAS*en; Art Research Centre SAV*en; Centrum vied o umení Slovenská akadémia vied, verejná výskumná inštitúcia*sk; Centrum vied o umení Slovenská akadémia vied, v. v. i.*sk; Centrum vied o umení SAV, v. v. i.*sk",replace==Art Research Centre of the Slovak Academy of Sciences*en; Centrum vied o umení Slovenská akadémia vied*sk,,replace==https://cvu.sav.sk,,add==cvu.sav.sk,,,,,,,,,,,,
https://github.com/ror-community/ror-updates/issues/14697,https://ror.org/059p10119,replace==Institute for Research in Social Communication of the Slovak Academy of Sciences*en,,,"add==Ústav výskumu sociálnej komunikácie SAV*sk; Institute for Research in Social Communication*en; Institute for Research in Social Communication SAS*en; Institute for Research in Social Communication SAV*en; Ústav výskumu sociálnej komunikácie Slovenská akadémia vied, verejná výskumná inštitúcia*sk; Ústav výskumu sociálnej komunikácie Slovenská akadémia vied, v. v. i.*sk; Ústav výskumu sociálnej komunikácie SAV, v. v. i.*sk",replace==Institute for Research in Social Communication of the Slovak Academy of Sciences*en; Ústav výskumu sociálnej komunikácie Slovenská akadémia vied*sk,,replace==https://uvsk.sav.sk,,add==uvsk.sav.sk,,,,,,,,,,,,
https://github.com/ror-community/ror-updates/issues/14696,https://ror.org/03s9fqn10,replace==Institute of State and Law of the Slovak Academy of Sciences*en,,,"add==Ústav štátu a práva SAV*sk; Institute of State and Law*en; Institute of State and Law SAS*en; Institute of State and Law SAV*en; Ústav štátu a práva Slovenská akadémia vied, verejná výskumná inštitúcia*sk; Ústav štátu a práva Slovenská akadémia vied, v. v. i.*sk; Ústav štátu a práva SAV, v. v. i.*sk",replace==Institute of State and Law of the Slovak Academy of Sciences*en; Ústav štátu a práva Slovenská akadémia vied*sk,,replace==https://usap.sav.sk,,add==usap.sav.sk,,,,,,,,,,,,
https://github.com/ror-community/ror-updates/issues/14695,https://ror.org/0388g9052,replace==Institute of Political Science of the Slovak Academy of Sciences*en,,,"add==Ústav politických vied SAV*sk; Institute of Political Science*en; Institute of Political Science SAS*en; Institute of Political Science SAV*en; Ústav politických vied Slovenská akadémia vied, verejná výskumná inštitúcia*sk; Ústav politických vied Slovenská akadémia vied, v. v. i.*sk; Ústav politických vied SAV, v. v. i.*sk",replace==Institute of Political Science of the Slovak Academy of Sciences*en; Ústav politických vied Slovenská akadémia vied*sk,,replace==http://www.upv.sav.sk,,add==upv.sav.sk,,,,,,,,,,,,
https://github.com/ror-community/ror-updates/issues/14694,https://ror.org/00y4h0j70,replace==Institute for Sociology of the Slovak Academy of Sciences*en,,,"add==Sociologický ústav SAV*sk; Institute for Sociology*en; Institute for Sociology SAS*en; Institute for Sociology SAV*en; Sociologický ústav Slovenská akadémia vied, verejná výskumná inštitúcia*sk; Sociologický ústav Slovenská akadémia vied, v. v. i.*sk; Sociologický ústav, v. v. i.*sk",replace==Institute for Sociology of the Slovak Academy of Sciences*en; Sociologický ústav Slovenská akadémia vied*sk,,replace==https://sociologia.sav.sk,,add==sociologia.sav.sk,,,,,,,,,,,,
https://github.com/ror-community/ror-updates/issues/14693,https://ror.org/00htrq823,replace==Institute of Philosophy of the Slovak Academy of Sciences*en,,,"add==Filozofický ústav SAV*sk; Institute of Philosophy*en; Institute of Philosophy SAS*en; Institute of Philosophy SAV*en; Filozofický ústav Slovenská akadémia vied, verejná výskumná inštitúcia*sk; Filozofický ústav Slovenská akadémia vied, v. v. i.*sk; Filozofický ústav SAV, v. v. i.*sk",replace==Institute of Philosophy of the Slovak Academy of Sciences*en; Filozofický ústav Slovenská akadémia vied*sk,,replace==http://www.klemens.sav.sk,,,,,,,,,,,,,,
https://github.com/ror-community/ror-updates/issues/14692,https://ror.org/021s9k294,replace==Institute of Economic Research of the Slovak Academy of Sciences*en,,,"add==Ekonomický ústav SAV*sk; Institute of Economic Research*en; Institute of Economic Research SAS*en; Institute of Economic Research SAV*en; Ekonomický ústav Slovenská akadémia vied, verejná výskumná inštitúcia*sk; Ekonomický ústav Slovenská akadémia vied, v. v. i.*sk; Ekonomický ústav SAV, v. v. i.*sk",replace==Institute of Economic Research of the Slovak Academy of Sciences*en; Ekonomický ústav Slovenská akadémia vied*sk,,replace==https://ekonom.sav.sk,,add==ekonom.sav.sk,,,,,,,,,,,,
https://github.com/ror-community/ror-updates/issues/14691,https://ror.org/05b5a6q69,replace==Institute for Forecasting of the Slovak Academy of Sciences*en,,,"replace==Prognostický ústav SAV*sk; Institute for Forecasting*en; Institute for Forecasting SAS*en; Institute for Forecasting SAV*en; Prognostický ústav Slovenská akadémia vied, verejná výskumná inštitúcia*sk; Prognostický ústav Slovenská akadémia vied, v. v. i.*sk; Prognostický ústav SAV, v. v. i.*sk",replace==Institute for Forecasting of the Slovak Academy of Sciences*en; Prognostický ústav Slovenská akadémia vied*sk,,replace==https://www.prog.sav.sk,,add==prog.sav.sk,,,,,,,,,,,,
https://github.com/ror-community/ror-updates/issues/14690,https://ror.org/02jb60a57,replace==Centre of Social and Psychological Sciences of the Slovak Academy of Sciences*en,,,"add==Centrum spoločenských a psychologických vied SAV*sk; Centre of Social and Psychological Sciences*en; Centre of Social and Psychological Sciences SAS*en; Centre of Social and Psychological Sciences SAV*en; Centrum spoločenských a psychologických vied Slovenská akadémia vied, verejná výskumná inštitúcia*sk; Centrum spoločenských a psychologických vied Slovenská akadémia vied, v. v. i.*sk; Centrum spoločenských a psychologických vied SAV, v. v. i.*sk",replace==Centre of Social and Psychological Sciences of the Slovak Academy of Sciences*en; Centrum spoločenských a psychologických vied Slovenská akadémia vied*sk,,replace==https://cspv.sav.sk,,add==cspv.sav.sk,,,,,,,,,,,,
https://github.com/ror-community/ror-updates/issues/14689,https://ror.org/01y3dn551,replace==Institute of Ethnology and Social Anthropology of the Slovak Academy of Sciences*en,,,"add==Ústav etnológie a sociálnej antropológie SAV*sk; Institute of Ethnology and Social Anthropology*en; Institute of Ethnology and Social Anthropology SAS*en; Institute of Ethnology and Social Anthropology SAV*en; Ústav etnológie a sociálnej antropológie Slovenská akadémia vied, verejná výskumná inštitúcia*sk; Ústav etnológie a sociálnej antropológie Slovenská akadémia vied, v. v. i.*sk; Ústav etnológie a sociálnej antropológie SAV, v. v. i.*sk",replace==Institute of Ethnology and Social Anthropology of the Slovak Academy of Sciences*en; Ústav etnológie a sociálnej antropológie Slovenská akadémia vied*sk,,replace==https://uesa.sav.sk,,add==uesa.sav.sk,,,,,,,,,,,,
https://github.com/ror-community/ror-updates/issues/14704,https://ror.org/00qknf621,replace==Institute of World Literature of the Slovak Academy of Sciences*en,,,"add==Ústav etnológie a sociálnej antropológie SAV*sk; Institute of World Literature*en; Institute of World Literature SAS*en; Institute of World Literature SAV*en; Ústav etnológie a sociálnej antropológie Slovenská akadémia vied, verejná výskumná inštitúcia*sk; Ústav etnológie a sociálnej antropológie Slovenská akadémia vied, v. v. i.*sk; Ústav etnológie a sociálnej antropológie SAV, v. v. i.*sk",replace==Institute of World Literature of the Slovak Academy of Sciences*en; Ústav etnológie a sociálnej antropológie Slovenská akadémia vied*sk,,replace==https://usvl.sav.sk,,add==usvl.sav.sk,,,,,,,,,,,,
https://github.com/ror-community/ror-updates/issues/14770,https://ror.org/03gbgw380,,,,,,,,,,,,,,,,,,,,,
https://github.com/ror-community/ror-updates/issues/14707,https://ror.org/04xsxqp89,replace==Alliance Bioversity International - CIAT*en,,,add==Alliance Bioversity International*en; Bioversity International*en,replace==Alliance Bioversity International - CIAT*en,,replace==https://alliancebioversityciat.org,,add==alliancebioversityciat.org,,,,,,,,,,,,replace==3169070
https://github.com/ror-community/ror-updates/issues/14709,https://ror.org/02y7p0749,replace==Ministério da Saúde*pt,,,add==Ministry of Health of Brazil*en; Brazilian Ministry of Health*en,,,,,,,,,,,,,,,,,
https://github.com/ror-community/ror-updates/issues/14725,https://ror.org/013w1n936,,,,,,,replace==https://veluxfonden.dk,,replace==veluxfonden.dk,,,,,,,,,,,,
https://github.com/ror-community/ror-updates/issues/14726,https://ror.org/05nqkay65,,,,,,,replace==https://villumfonden.dk,,replace==villumfonden.dk,,,,,,,,,,,,
https://github.com/ror-community/ror-updates/issues/14732,https://ror.org/00ax71d21,replace==Obuda University*en,,,add==Óbuda University*en,replace==Obuda University*en; Óbudai Egyetem*hu; Universität Óbuda*de; Universitas Budensis*la,,replace==https://uni-obuda.hu,,add==uni-obuda.hu,,,,,,,,,,,,
https://github.com/ror-community/ror-updates/issues/14733,https://ror.org/054a6wv56,replace==Institutul de Stiinte Spatiale - Filiala INFLPR*ro,,replace==Government; Facility,replace==Institute of Space Science*en; Institute of Space Sciences*en; Institute for Space Science*en; Institute for Space Sciences*en,replace==Institutul de Stiinte Spatiale - Filiala INFLPR*ro; Institute of Space Science - INFLPR Subsidiary*en,,replace==https://www.spacescience.ro,,add==spacescience.ro,,,,,,add==0000 0004 6041 693X,replace==0000 0004 6041 693X,,,,,
https://github.com/ror-community/ror-updates/issues/14742,https://ror.org/0034tbg85,,,,,,,replace==https://www.univ-oeb.dz,,replace==univ-oeb.dz,,,,,,,,,,,,
https://github.com/ror-community/ror-updates/issues/14794,https://ror.org/00xe6p546,,,,replace==Université 8 mai 1945 de Guelma*fr,,,,,,,,,,,,,,,,,
https://github.com/ror-community/ror-updates/issues/14781,https://ror.org/04mgz4b37,replace==National Meanchey University*en,,,add==សាកលវិទ្យាល័យមានជ័យ*km; Meanchey University*km,replace==National Meanchey University*en; សាកលវិទ្យាល័យជាតិមានជ័យ*km,,replace==https://nmu.edu.kh,,add==nmu.edu.kh,,,,,,,,,,,,
https://github.com/ror-community/ror-updates/issues/14776,https://ror.org/02nkrnd53,replace==NSF Unidata*en,,,add==Unidata*en,replace==NSF Unidata*en,,,,,,,,,,,,,,,,
https://github.com/ror-community/ror-updates/issues/15225,https://ror.org/05teb7b63,,,,,,,replace==https://www.firat.edu.tr,,,,,,,,,,,,,,
https://github.com/ror-community/ror-updates/issues/15226,https://ror.org/00thhhw55,,,,,,,replace==https://iqra.edu.pk,,add==iqra.edu.pk,,,,,,,,,,,,
https://github.com/ror-community/ror-updates/issues/14756,https://ror.org/00dn4t376,replace==Brunel University of London*en,,,add==Brunel University London*en,replace==Brunel University of London*en,,replace==https://www.brunel.ac.uk,,add==brunel.ac.uk,,,,,,,,,,,,
https://github.com/ror-community/ror-updates/issues/14751,https://ror.org/03dsd0g48,,,,add==UMR 8212,,,,,,,,,,,,,,,,,
https://github.com/ror-community/ror-updates/issues/15227,https://ror.org/05ptwtz25,replace==Siirt Üniversitesi*tr,,,,,add==SİÜ*tr; SIU*tr,replace==https://www.siirt.edu.tr,,add==siirt.edu.tr,,,,,,,,,,,,
https://github.com/ror-community/ror-updates/issues/14799,https://ror.org/05xzdtn10,replace==CIRCE - Centro Tecnológico*es,,,add==Center for Research Resources and Energy Consumption*en,replace==CIRCE - Centro Tecnológico*es; CIRCE - Technology Centre*en,,replace==https://www.fcirce.es,,add==fcirce.es,,,,,,,,,,,,
https://github.com/ror-community/ror-updates/issues/14801,https://ror.org/01h494015,,,,,"add==Ústav fyziky plazmatu AV ČR, v. v. i.*cs; Ústav fyziky plazmatu AV ČR, veřejná výzkumná instituce*cs;add==Institute of Plasma Physics CAS*en; Czech Acad Sci, Inst Plasma Phys*en",,,,,,,,,,,,add==Q27825128,replace==Q27825128,,,
https://github.com/ror-community/ror-updates/issues/14802,https://ror.org/03aba6h29,,,,"add==Institute of Psychology CAS*en; Czech Acad Sci, Inst Psychol*en","add==Psychologický ústav AV ČR, v. v. i.*cs; Psychologický ústav AV ČR, veřejná výzkumná instituce*cs",,,,,,,,,,,,add==Q30258728,replace==Q30258728,,,
https://github.com/ror-community/ror-updates/issues/14803,https://ror.org/00m4pvq34,,,,"add==Institute of Rock Structure and Mechanics CAS*en; Czech Acad Sci, Inst Rock Struct & Mech*en","add==Ústav struktury a mechaniky hornin AV ČR, v. v. i.*cs; Ústav struktury a mechaniky hornin AV ČR, veřejná výzkumná instituce*cs",,,,,,,,,,,,add==Q30290000,replace==Q30290000,,,
https://github.com/ror-community/ror-updates/issues/14804,https://ror.org/027taah18,,,,,"add==Ústav přístrojové techniky AV ČR, v. v. i.*cs; Ústav přístrojové techniky AV ČR, veřejná výzkumná instituce*cs;add==Institute of Scientific Instruments*en; Czech Acad Sci, Inst Sci Instruments*en",,,,,,,,,,,,add==Q11087719,replace==Q11087719,,,
https://github.com/ror-community/ror-updates/issues/14806,https://ror.org/00hzy8397,,,,"add==Institute of State and Law CAS*en; Czech Acad Sci, Inst State & Law*en","add==Ústav státu a práva AV ČR, v. v. i.*cs; Ústav státu a práva AV ČR, veřejná výzkumná instituce*cs",,,,,,,,,,,,add==Q30258743,replace==Q30258743,,,
https://github.com/ror-community/ror-updates/issues/14807,https://ror.org/01hxbnq19,,,,"add==Institute of Theoretical and Applied Mechanics CAS*en; Czech Acad Sci, Inst Theoret & Appl Mech*en","add==Ústav teoretické a aplikované mechaniky AV ČR, v. v. i.*cs; Ústav teoretické a aplikované mechaniky AV ČR, veřejná výzkumná instituce*cs",,,,,,,,,,,,add==Q30292427,replace==Q30292427,,,
https://github.com/ror-community/ror-updates/issues/14808,https://ror.org/03fvq2a72,,,,"add==Institute of Thermomechanics CAS*en; Czech Acad Sci, Inst Thermomech*en","add==Ústav termomechaniky AV ČR, v. v. i.*cs; Ústav termomechaniky AV ČR, veřejná výzkumná instituce*cs",,,,,,,,,,,,add==Q30258726,replace==Q30258726,,,
https://github.com/ror-community/ror-updates/issues/15228,https://ror.org/010t24d82,replace==Milli Savunma Üniversitesi*tr,,,add==National Defense University*en; Milli Savunma Universitesi*tr; Milli Savunma University*en,,add==MSÜ*tr; MSU*tr,replace==https://www.msu.edu.tr,,,,,,,,,,,,,,
https://github.com/ror-community/ror-updates/issues/14836,https://ror.org/0208vgz68,,,,delete==UT University*en;add==LUT University*en,,,replace==https://www.lut.fi,,,,,,,,,,,,,,
https://github.com/ror-community/ror-updates/issues/14821,https://ror.org/02sat5y74,,,,"add==Ústav fyzikální chemie J. Heyrovského AV ČR, v. v. i.*cs; Ústav fyzikální chemie J. Heyrovského AV ČR, veřejná výzkumná instituce*cs","add==J. Heyrovský Institute of Physical Chemistry CAS*en; Czech Acad Sci, J Heyrovský Inst Phys Chem*en",,,,add==jh-inst.cas.cz,,,,,,,,add==Q11087546,replace==Q11087546,,,
https://github.com/ror-community/ror-updates/issues/14825,https://ror.org/03qq0n189,,,,"add==Slovanský ústav AV ČR, v. v. i.*cs; Slovanský ústav AV ČR, veřejná výzkumná instituce*cs","add==Institute of Slavonic Studies CAS*en; Czech Acad Sci, Inst Slav Studies*en",,replace==https://www.slu.cas.cz,,,,,,,,,,add==Q12153738,replace==Q12153738,,,
https://github.com/ror-community/ror-updates/issues/14824,https://ror.org/04tr8pt83,,,,"add==Oriental Institute CAS*en; Czech Acad Sci, Oriental Inst*en","add==Orientální ústav AV ČR, v. v. i.*cs; Orientální ústav AV ČR, veřejná výzkumná instituce*cs",,,,,,,,,,,,add==Q7102339,replace==Q7102339,,,
https://github.com/ror-community/ror-updates/issues/14823,https://ror.org/04jymbd90,,,,"add==Nuclear Physics Institute CAS*en; Czech Acad Sci, Nucl Phys Inst*en","add==Ústav jaderné fyziky AV ČR, v. v. i.*cs; Ústav jaderné fyziky AV ČR, veřejná výzkumná instituce*cs",,,,add==ujf.cas.cz,,,,,,,,,,,,
https://github.com/ror-community/ror-updates/issues/14822,https://ror.org/03nvfe914,,,,add==Masaryk Institute and Archives CAS*en,"add==Masarykův ústav a Archiv AV ČR, v. v. i.*cs; Masarykův ústav a Archiv AV ČR, veřejná výzkumná instituce*cs",,,,add==mua.cas.cz,,,,,,,,,,,,
https://github.com/ror-community/ror-updates/issues/14818,https://ror.org/01912nj27,,,,"add==Czech Language Institute CAS*en; Czech Acad Sci, Czech Language Inst*en","add==Ústav pro jazyk český AV ČR, v. v. i.*cs; Ústav pro jazyk český AV ČR, veřejná výzkumná instituce*cs",,replace==https://ujc.cas.cz,,add==ujc.cas.cz,,,,,,,,,,,,
https://github.com/ror-community/ror-updates/issues/14816,https://ror.org/05bcgdd94,,,,,"add==Ústav biologie obratlovců AV ČR, v. v. i.*cs; Ústav biologie obratlovců AV ČR, veřejná výzkumná instituce*cs;add==Institute of Vertebrate Biology CAS*en; Czech Acad Sci, Inst Vertebrate Biol*en",,replace==https://www.ivb.cz,,add==ivb.cz,,,,,,,,add==Q30258699,replace==Q30258699,,,
https://github.com/ror-community/ror-updates/issues/14843,https://ror.org/016ncsr12,replace==Centre Hospitalier Régional et Universitaire de Nancy*fr,,,add==Centre Hospitalier Universitaire de Nancy*fr; CHU de Nancy*fr; CHRU de Nancy*fr,,add==CHRU*fr,replace==https://www.chu-nancy.fr,replace==https://fr.wikipedia.org/wiki/Centre_hospitalier_r%C3%A9gional_et_universitaire_de_Nancy,add==chu-nancy.fr,,,,,,,,add==Q2945739,replace==Q2945739,,,
https://github.com/ror-community/ror-updates/issues/14859,https://ror.org/00a5mh069,,,,,add==มหาวิทยาลัยพะเยา*th,add==UP*en,replace==https://www.up.ac.th,,add==up.ac.th,,,,,,,,,,,,
https://github.com/ror-community/ror-updates/issues/14863,https://ror.org/03bamq636,,,,,add==국무조정실 국무총리비서실*ko,,replace==https://www.opm.go.kr,,add==opm.go.kr,,,,,,,,,,,,
https://github.com/ror-community/ror-updates/issues/15230,https://ror.org/05h39qc65,replace==African Library and Information Associations and Institutions*en,,,add==African Library & Information Associations & Institutions*en,replace==African Library and Information Associations and Institutions*en,,replace==https://web.aflia.net,,add==aflia.net,,,,,,,,,,,,
https://github.com/ror-community/ror-updates/issues/14869,https://ror.org/010x8gc63,,,,,,add==USASK*en,,,,,,,,,,,,,,,
https://github.com/ror-community/ror-updates/issues/15233,https://ror.org/01fz7mn40,,,,,,,replace==https://www.ensae.fr,,add==ensae.fr,,,,,,,,,,,,
https://github.com/ror-community/ror-updates/issues/15234,https://ror.org/01naq7912,,,,,,,,,,,,,,,,,,,,,
https://github.com/ror-community/ror-updates/issues/15122,https://ror.org/02nwvxz07,replace==École nationale des ponts et chaussées*fr,,,replace==Ecole nationale des ponts et chaussées*fr; École des Ponts ParisTech*fr; Ecole des Ponts ParisTech*fr; Les Ponts*fr,replace==École nationale des ponts et chaussées*fr,,,,,,,,,,,,,,,,
https://github.com/ror-community/ror-updates/issues/14891,https://ror.org/02wefvw09,,replace==inactive,,,,,,,,,,,,,,,,,,,
https://github.com/ror-community/ror-updates/issues/14887,https://ror.org/05kkv3f82,,,,add==Universitaet Der Bundeswehr Muenchen*de,,,replace==https://www.unibw.de,,add==unibw.de,,,,,,,,,,,,
https://github.com/ror-community/ror-updates/issues/15235,https://ror.org/036rp1748,,,,add==Universidade de Sao Paulo*pt; University of Sao Paulo*pt,,,,,,,,,,,,,,,,,
https://github.com/ror-community/ror-updates/issues/14894,https://ror.org/037xrmj59,replace==Universidad del Azuay*es,,,,,,replace==https://www.uazuay.edu.ec,,add==uazuay.edu.ec,,,,,,,,,,,,
https://github.com/ror-community/ror-updates/issues/14888,https://ror.org/03bndpq63,,,,,add==Ethniko Kentro Erevnas Kai Technologikis Anaptyxis*el,,,,,,,,,,,,,,,,
https://github.com/ror-community/ror-updates/issues/14886,https://ror.org/03sawy356,replace==Region Skåne*se,,,add==Region Skane*en; Scania Regional Council*en,replace==Region Skåne*se; Region Skåne*en,,replace==https://www.skane.se,,add==skane.se,,,,,,,,,,,,
https://github.com/ror-community/ror-updates/issues/14885,https://ror.org/02qnnz951,,,,add==UMONS*fr,,,,,,,,,,,,,,,,,
https://github.com/ror-community/ror-updates/issues/14938,https://ror.org/02kbmgc12,,,,replace==Institut des sciences et industries du vivant et de l'environnement*fr,"replace==AgroParisTech*fr; Paris Institute of Technology for Life, Food and Environmental Sciences*en",,,,add==agroparistech.fr,,,,,,,,,,,,replace==2988758
https://github.com/ror-community/ror-updates/issues/14941,https://ror.org/01b436806,replace==Centre international de recherche sur l’environnement et le développement*fr,,,replace==UMR CIRED*fr; Centre for International Research on Environment and Development*en,replace==Centre international de recherche sur l’environnement et le développement*fr; International Research Center on Environment and Development*en,add==CIRED*fr,replace==https://www.centre-cired.fr,,add==centre-cired.fr,,,,,,,,,,,,
https://github.com/ror-community/ror-updates/issues/14942,https://ror.org/01z6yh944,,,,add==Unité Mixte de Recherche ÉcoSys*fr; UMR ÉcoSys*fr,,,replace==https://ecosys.versailles-saclay.hub.inrae.fr,,add==ecosys.versailles-saclay.hub.inrae.fr,,,,,,,,,,,,replace==2988758
https://github.com/ror-community/ror-updates/issues/14943,https://ror.org/04q9vef57,,,,,,,,,add==ecofog.gf,,,,,,,,,,,,replace==3381303
https://github.com/ror-community/ror-updates/issues/14944,https://ror.org/020g0rw41,,,,,,,replace==https://www.g-eau.fr,,add==g-eau.fr,,,,,,,,,,,,
https://github.com/ror-community/ror-updates/issues/14945,https://ror.org/03rkgeb39,,,,,,,replace==https://gabi.jouy.hub.inrae.fr,,,,,,,,,,,,,,
https://github.com/ror-community/ror-updates/issues/14959,https://ror.org/03qgfy688,,,,,,,,,,,,,,,,,,,,,
https://github.com/ror-community/ror-updates/issues/14958,https://ror.org/049q30t56,,,,,,,,,,,,,,,,,,,,,
https://github.com/ror-community/ror-updates/issues/14929,https://ror.org/049bjee35,replace==St. Anne's University Hospital Brno*en,,,add==St. Anne's University Hospital*en,replace==St. Anne's University Hospital Brno*en,,,,,,,,,,,,,,,,
https://github.com/ror-community/ror-updates/issues/14931,https://ror.org/02rdy2081,,,,,,,replace==https://aas.at,,add==aas.at,,,,,,,,,,,,
https://github.com/ror-community/ror-updates/issues/14939,https://ror.org/02cptmd52,,,,,,,,,,,,,,,,,,,,,
https://github.com/ror-community/ror-updates/issues/14940,https://ror.org/05em8ne27,,,,,,,,,,,,,,,,,,,,,
https://github.com/ror-community/ror-updates/issues/14946,https://ror.org/012fqzm33,,,,add==GQE - le Moulon*fr,,,,,,,,,,,,,,,,,
https://github.com/ror-community/ror-updates/issues/14947,https://ror.org/01wqd6v19,,,,,,,replace==https://ijpb.versailles.inrae.fr,,add==ijpb.versailles.inrae.fr,,,,,,,,,,,,
https://github.com/ror-community/ror-updates/issues/14948,https://ror.org/05deqk823,,,,,,,,,,,,,,,,,,,,,
https://github.com/ror-community/ror-updates/issues/14949,https://ror.org/00780az30,,,,add==UMR MIA Paris-Saclay*fr,,,replace==https://mia-ps.inrae.fr,,add==mia-ps.inrae.fr,,,,,,,,,,,,
https://github.com/ror-community/ror-updates/issues/14950,https://ror.org/0471cyx86,replace==Microbiologie de l’alimentation au service de la santé*fr,,,replace==Institut Micalis*fr; Micalis Institute*en,replace==Microbiologie de l’alimentation au service de la santé*fr,add==MICALIS*fr,,,,,,,,,,,,,,,replace==3012165; 2989204
https://github.com/ror-community/ror-updates/issues/14951,https://ror.org/0050cbz19,,,,,,,replace==https://mosar.versailles-saclay.hub.inrae.fr,,add==mosar.versailles-saclay.hub.inrae.fr,,,,,,,,,,,,
https://github.com/ror-community/ror-updates/issues/14953,https://ror.org/03gmkya61,,,,,,,replace==https://umr-sayfood.versailles-saclay.hub.inrae.fr,,,,,,,,,,,,,,replace==2988758
https://github.com/ror-community/ror-updates/issues/14954,https://ror.org/043f5vc59,replace==Physiologie de la Nutrition et du Comportement Alimentaire*fr,,,add==Laboratorie de Physiologie de la Nutrition et du Comportement Alimentaire*fr,replace==Physiologie de la Nutrition et du Comportement Alimentaire*fr,,replace==https://pnca.versailles-saclay.hub.inrae.fr,,,,,,,,,,,,,,replace==2988758
https://github.com/ror-community/ror-updates/issues/14952,https://ror.org/01p9mtd45,,,,add==Paris-Saclay Applied Economics*en,,,,,,,,,,,,,,,,,
https://github.com/ror-community/ror-updates/issues/14955,https://ror.org/002v3cy83,,,,add==UMR 8586; UMR 215,,,replace==https://www.prodig.cnrs.fr,,add==prodig.cnrs.fr,,,,,,,,,,,,
https://github.com/ror-community/ror-updates/issues/14956,https://ror.org/01d5v2p67,,,,,,,,,add==silva.nancy.hub.inrae.fr,,,,,,,,,,,,replace==3027162
https://github.com/ror-community/ror-updates/issues/14957,https://ror.org/01cmdgj85,"replace==Sciences pour l’action et le développement - Activités, produits, territoires*fr",,,"replace==SADAPT Science Action Développement - Activités Produits Territoires*fr; Science Action Développement - Activités Produits Territoires*fr; Sciences pour l'Action et le Développement : Activités, Produits, Territoires*fr","replace==Sciences pour l’action et le développement - Activités, produits, territoires*fr",add==SADAPT*fr,replace==https://sadapt.versailles-saclay.hub.inrae.fr,,add==sadapt.versailles-saclay.hub.inrae.fr,,,,,,,,,,,,
https://github.com/ror-community/ror-updates/issues/14972,https://ror.org/02ezch769,,,,replace==University of Valenciennes and Hainaut-Cambrésis*en,,,replace==https://www.uphf.fr,,add==uphf.fr,,,,,,,,,,,,
https://github.com/ror-community/ror-updates/issues/14968,https://ror.org/05kacka20,"replace==Istituto di Scienza e Tecnologie dell'Informazione ""Alessandro Faedo""*it",,,add==Institute of Information Science and Technologies*en; Istituto di Scienza e Tecnologie dell'Informazione*en,"replace==Istituto di Scienza e Tecnologie dell'Informazione ""Alessandro Faedo""*it; Institute of Information Science and Technologies ""Alessandro Faedo""*en",add==ISTI-CNR*it; CNR-ISTI*it,replace==https://www.isti.cnr.it,,add==isti.cnr.it,,,,,,,,,,,,
https://github.com/ror-community/ror-updates/issues/15150,https://ror.org/03hkqjb05,,,,,,,,,,,,,,,,,,,,,
https://github.com/ror-community/ror-updates/issues/15148,https://ror.org/01x6z5t49,,,,,,,,,,,,,,,,,,,,,
https://github.com/ror-community/ror-updates/issues/15146,https://ror.org/02rmk5x23,,,,,,,,,,,,,,,,,,,,,
https://github.com/ror-community/ror-updates/issues/15144,https://ror.org/05edayg07,,,,,,,,,,,,,,,,,,,,,
https://github.com/ror-community/ror-updates/issues/15143,https://ror.org/02jwwk370,,,,,,,,,,,,,,,,,,,,,
https://github.com/ror-community/ror-updates/issues/15191,https://ror.org/02225fd27,"replace==Instituto Federal de Educação, Ciência e Tecnologia do Ceará*pt",,,replace==Instituto Federal do Ceará*pt,"replace==Instituto Federal de Educação, Ciência e Tecnologia do Ceará*pt",,replace==https://ifce.edu.br,,replace==ifce.edu.br,,,,,,,,,,,,
https://github.com/ror-community/ror-updates/issues/15190,https://ror.org/05sex0295,replace==Hungarian Dance University*en,,,add==Hungarian Dance Academy*en,replace==Hungarian Dance University*en; Magyar Táncművészeti Egyetem*hu,add==MTE*hu,replace==https://mte.eu,,add==mte.eu,,,,,,,,,,,,
https://github.com/ror-community/ror-updates/issues/15187,https://ror.org/048nq7g61,,replace==inactive,,,,,,,,,,,,,,,,,,,
https://github.com/ror-community/ror-updates/issues/15186,https://ror.org/04t4pws42,replace==Institute of Molecular Life Sciences*en,,,replace==Institute of Enzymology*en; Enzimológiai Intézet*hu,replace==Institute of Molecular Life Sciences*en; Molekuláris Élettudományi Intézetben*hu,,replace==https://www.ttk.hun-ren.hu,,add==ttk.hun-ren.hu,,,,,,,,,,,,
https://github.com/ror-community/ror-updates/issues/15183,https://ror.org/05t0zvw13,replace==Universitas Digital Teknologi Digitech University,,,replace==Universitas Teknologi Digital*id; Digitech University*en,replace==Universitas Digital Teknologi Digitech University,,,,,,,,,,,,,,,,
https://github.com/ror-community/ror-updates/issues/15175,https://ror.org/04h3f3n10,,,,,,,replace==https://penobscotmarinemuseum.org,,replace==penobscotmarinemuseum.org,,,,,,,,,,,,replace==4978097
https://github.com/ror-community/ror-updates/issues/15174,https://ror.org/02kry3y94,,,,add==TecNM Tecnológico de Estudios Superiores de Jocotitlán*es,,,,,,,,,,,,,,,,,
https://github.com/ror-community/ror-updates/issues/15164,https://ror.org/00w5ay796,,,,add==UMR 5672,,,replace==https://www.ens-lyon.fr/PHYSIQUE,,,,,,,,,,,,,,
https://github.com/ror-community/ror-updates/issues/15152,https://ror.org/03cv38k47,,,,,,,replace==https://www.umcg.nl,,add==umcg.nl,,,,,,,,,,,,
https://github.com/ror-community/ror-updates/issues/15151,https://ror.org/038kx6574,,replace==inactive,,,,,,,,,,,,,,,,,,,
https://github.com/ror-community/ror-updates/issues/15145,https://ror.org/00mqc8k54,,,,,,,,,,,,,,,,,,,,,
https://github.com/ror-community/ror-updates/issues/15132,https://ror.org/03dmc3670,replace==Congreso de los Diputados*es,,,,replace==Congreso de los Diputados*es; Congress of Deputies*en,,,,,,,,,,,,,,,,
https://github.com/ror-community/ror-updates/issues/15120,https://ror.org/03cx6bg69,,,,,add==Ethnicon Metsovion Polytechnion*el,,,,,,,,,,,,,,,,
https://github.com/ror-community/ror-updates/issues/15115,https://ror.org/00hjhrf26,replace==European Research University*en,,,"replace==European Research University, z.ú.*en; Vysoká škola PRIGO, z. ú.*cs; Vysoká škola PRIGO*cs; Evropská výzkumná univerzita*cs","replace==European Research University*en; Evropská výzkumná univerzita, z.ú.*cs",,replace==https://eruni.org,,,,,,,,,,,,,,
https://github.com/ror-community/ror-updates/issues/15114,https://ror.org/01pqh8144,,,,,,,,,,,,,,,,,,,,,
https://github.com/ror-community/ror-updates/issues/15010,https://ror.org/04y3tyb88,,,,,add==Forest Research Institute Baden-Wuerttemberg*en,,replace==https://www.fva-bw.de,,add==fva-bw.de,,,,,,,,,,,,
https://github.com/ror-community/ror-updates/issues/15006,https://ror.org/00wbse129,replace==Sciences de l'Antiquité et du Moyen-Age*fr,,,add==Histoire et Cultures de l'Antiquité et du Moyen Âge*fr; UR 1132,replace==Sciences de l'Antiquité et du Moyen-Age*fr,add==SAMA*fr,replace==https://sama.univ-lorraine.fr,,add==sama.univ-lorraine.fr,replace==1992,,,,,,,,,,,
https://github.com/ror-community/ror-updates/issues/15001,https://ror.org/02gmwvg31,replace==Japan Fisheries Research and Education Agency*en,,,add==Fisheries Research Agency*en; 水産研究・教育機構*ja,replace==Japan Fisheries Research and Education Agency*en; 国立研究開発法人水産研究・教育機構*ja,,replace==https://www.fra.go.jp,,add==fra.go.jp,,,,,,,,,,,,
https://github.com/ror-community/ror-updates/issues/15192,https://ror.org/04snvc712,replace==Beijing Normal University - Hong Kong Baptist University United International College*en,,,add==United International College*en; 联合国际学院*zh,replace==Beijing Normal University - Hong Kong Baptist University United International College*en; 北京师范大学-香港浸会大学联合国际学院*zh,,replace==https://uic.edu.cn,,add==uic.edu.cn,,,,,,,,,,,,
https://github.com/ror-community/ror-updates/issues/15000,https://ror.org/01e8etd40,,,,,,,replace==https://lse.univ-lorraine.fr,,add==lse.univ-lorraine.fr,,,,,,,,,,,,
https://github.com/ror-community/ror-updates/issues/14999,https://ror.org/011nqat45,,,,add==UMR 7358,,,replace==https://crpg.univ-lorraine.fr,,add==crpg.univ-lorraine.fr,,,,,,,,,,,,
https://github.com/ror-community/ror-updates/issues/14998,https://ror.org/05k1smh27,,,,,,,replace==https://ijl.univ-lorraine.fr,,add==ijl.univ-lorraine.fr,,,,,,,,,,,,
https://github.com/ror-community/ror-updates/issues/14996,https://ror.org/05kjgf606,,,,replace==Francois Geny Institute*en,add==François Gény Institute*en,,,,add==ifg.univ-lorraine.fr,,,,,,,,,,,,
https://github.com/ror-community/ror-updates/issues/14995,https://ror.org/04dx32582,replace==Interdisciplinarité en Santé Publique Interventions et Instruments de mesure complexes – Région Est*fr,,,"replace==Adaptation, mesure et évaluation en santé. Approches interdisciplinaires*fr; APEMAC Laboratory*en; Adaptation, mesure et évaluation en santé*fr; Laboratoire APEMAC*fr; UMR 1319",replace==Interdisciplinarité en Santé Publique Interventions et Instruments de mesure complexes – Région Est*fr,replace==INSPIIRE*fr; APEMAC*fr,replace==https://inspiire.univ-lorraine.fr,,,,,,,,,,,,,,
https://github.com/ror-community/ror-updates/issues/14994,https://ror.org/01pfter31,replace==Laboratoire Énergies et Mécanique Théorique et Appliquée*fr,,,add==Laboratoire d'Energétique et de Mécanique Théorique et Appliquée*fr; Laboratoire Énergies & Mécanique Théorique et Appliquée*fr,replace==Laboratoire Énergies et Mécanique Théorique et Appliquée*fr; Laboratory of Energies Theoretical and Applied Mechanics*en,,replace==https://lemta.univ-lorraine.fr,,add==lemta.univ-lorraine.fr,,,,,,,,,,,,
https://github.com/ror-community/ror-updates/issues/14993,https://ror.org/00p6sn362,,,,,add==Reactions and Chemical Engineering Laboratory*en,,replace==https://lrgp-nancy.cnrs.fr,,add==lrgp-nancy.cnrs.fr,,,,,,,,,,,,
https://github.com/ror-community/ror-updates/issues/14992,https://ror.org/01kwx4m12,,,,add==Groupe de Recherche en Electrotechnique et Electronique de Nancy*fr,,,,,add==green.univ-lorraine.fr,replace==2009,,,,,,,,,,,
https://github.com/ror-community/ror-updates/issues/14991,https://ror.org/0341q1641,replace==Berkeley Yeast*en,,,replace==Berkeley Brewing Science*en,replace==Berkeley Yeast*en,,replace==https://berkeleyyeast.com,,add==berkeleyyeast.com,,,,,,,,add==Q43895610,replace==Q43895610,,,
https://github.com/ror-community/ror-updates/issues/14990,https://ror.org/01hntn815,,,,delete,add==Research Team on Innovation Process*en,,,,add==erpi.univ-lorraine.fr,,,,,,,,,,,,
https://github.com/ror-community/ror-updates/issues/14989,https://ror.org/02vc99v03,,,,delete,add==Calbinotox*fr; Calbinotox*en; Food Compounds: Biofunctionalities and Neurotoxic Risks*en,,,,add==calbinotox.fr,,,,,,,,,,,,
https://github.com/ror-community/ror-updates/issues/14988,https://ror.org/02atkd403,,,,add==UMR 7019,,,replace==https://lpct.cnrs.fr,,add==lpct.cnrs.fr,,,,,,,,,,,,
https://github.com/ror-community/ror-updates/issues/14987,https://ror.org/03nknpw16,,,,,add==Laboratory of Physical Chemistry and Microbiology for Materials and the Environment*en,,replace==https://www.lcpme.ul.cnrs.fr,,,,,,,,,,replace==Q30261585,replace==Q30261585,,,
https://github.com/ror-community/ror-updates/issues/14984,https://ror.org/0495mzm65,,,,replace==UR 4432,add==InterPsy Laboratory*en; Laboratoire InterPsy*fr,,,,add==interpsy.univ-lorraine.fr,,,,,,,,,,,,
https://github.com/ror-community/ror-updates/issues/14983,https://ror.org/00e8hwt93,,,,,add==Lorraine Laboratory of Psychology and Neuroscience of Behavioral Dynamics*en,,,,add==2lpn.univ-lorraine.fr,,,,,,,,,,,,
https://github.com/ror-community/ror-updates/issues/14982,https://ror.org/04f50n919,,,,replace==Laboratoire SIMPA*fr,"add==Stress, Immunity, Pathogens*en",,,,add==simpa.univ-lorraine.fr,,,,,,,,,,,,
https://github.com/ror-community/ror-updates/issues/14981,https://ror.org/01evjjx71,,,,delete,add==Gene-Environnement Interactions in Cardio-Vascular Physiopathology*en,,,,add==ige-pcv.univ-lorraine.fr,,,,,,,,,,,,
https://github.com/ror-community/ror-updates/issues/14980,https://ror.org/019c1xz73,,,,replace==DevAH*fr,"add==Development, Adaptation and Handicap*en",,replace==https://devah.univ-lorraine.fr,,add==devah.univ-lorraine.fr,,,,,,,,,,,,
https://github.com/ror-community/ror-updates/issues/14979,https://ror.org/022r5hc56,,,,,,,replace==https://www.cran.univ-lorraine.fr,add==https://fr.wikipedia.org/wiki/Centre_de_recherche_en_automatique_de_Nancy,add==cran.univ-lorraine.fr,,,,,,,,,,,,
https://github.com/ror-community/ror-updates/issues/14975,https://ror.org/02q4res37,,,,,,,,,,,,,,,,,,,,,
https://github.com/ror-community/ror-updates/issues/14974,https://ror.org/006z7v557,,,,add==UMR 8201,,,replace==https://www.uphf.fr/lamih,,,,,,,,,,,,,,
https://github.com/ror-community/ror-updates/issues/14971,https://ror.org/041rsh762,,,replace==education,,,,,,,,,,,,,,,,,,
https://github.com/ror-community/ror-updates/issues/14973,https://ror.org/01nfvkq89,,,,add==Unité Mixte de Recherche QualiSud*fr,,,replace==https://umr-qualisud.cirad.fr,,add==umr-qualisud.cirad.fr,,,,,,,,,,,,
https://github.com/ror-community/ror-updates/issues/14986,https://ror.org/020azc393,,,,,,,replace==https://www.l2cm.univ-lorraine.fr/l2cm/,,,,,,,,,,,,,,
https://github.com/ror-community/ror-updates/issues/15199,https://ror.org/009vyzb24,,,,add==Osh Technological University named after M.M. Adysheva*en; Osh Technological University named after acad. MM. Adysheva*en,,,,,,,,,,,,,,,,,
https://github.com/ror-community/ror-updates/issues/15202,https://ror.org/043xj7k26,replace==Universidad de Guadalajara*es,,,,replace==Universidad de Guadalajara*es; University of Guadalajara*en,replace==UdeG*es,replace==https://www.udg.mx,,add==udg.mx,,,,,,,,,,,,
https://github.com/ror-community/ror-updates/issues/15219,https://ror.org/040r57n67,,,,add==Nicolaus Copernicus Astronomical Center of the Polish Academy of Sciences*en; Centrum Astronomiczne im. Mikołaja Kopernika Polskiej Akademii Nauk*pl,,,replace==https://www.camk.edu.pl,,add==camk.edu.pl,,,,,,,,,,,,replace==756135; 3083271
https://github.com/ror-community/ror-updates/issues/15238,https://ror.org/01dpyn972,replace==Istituto Oncologico della Svizzera Italiana*it,,,replace==Institute of Oncology Research of Southern Switzerland*en; Oncology Institute of Southern Switzerland*en,replace==Istituto Oncologico della Svizzera Italiana*it,,replace==https://www.eoc.ch/ospedali-e-istituti/istituto-oncologico-della-svizzera-italiana.html,,,,,,,,add==0000 0004 0509 2987,replace==0000 0004 0509 2987,add==Q30280648,replace==Q30280648,,,
https://github.com/ror-community/ror-updates/issues/14837,https://ror.org/03kjyy960,replace==Instituto de Biomedicina y Genética Molecular de Valladolid*es,,,replace==Instituto de Biología y Genética Molecular*es; Institute of Molecular Biology and Genetics*en,replace==Instituto de Biomedicina y Genética Molecular de Valladolid*es; Institute of Biomedicine and Molecular Genetics of Valladolid*en,,,,add==ibgm.med.uva.es,,,,,,,,,,,,
https://github.com/ror-community/ror-updates/issues/15248,https://ror.org/05re01744,,,,,,,,,,,,,,,,,,,,,
https://github.com/ror-community/ror-updates/issues/15250,https://ror.org/03kqap970,replace==Universidad de Oriente*es,,,replace==University of Santiago de Cuba*es; Universidad de Oriente - Santiago de Cuba*es,replace==Universidad de Oriente*es,,,,,,,,,,,,,,,,
https://github.com/ror-community/ror-updates/issues/15251,https://ror.org/017eabx08,,,,,,,replace==https://www.eoc.ch/ospedali-e-istituti/ospedale-regionale-di-mendrisio.html,,,,,,,,,,,,,,
https://github.com/ror-community/ror-updates/issues/15252,https://ror.org/00kkpv737,,,,add==Cluster of Excellence ct.qmat – Complexity and Topology in Quantum Matter*en; Exzellenzcluster ct.qmat - Komplexität und Topologie in Quantenmaterialien*de; ct.qmat*en,,,,,,,,,,,,,,,,,replace==2805615; 2935022
