issue_url,input_name,matched_ror_id,matched_name,match_ratio
Tyra Biosciences,Tyra Biosciences,https://ror.org/00wvn7664,Abterra Biosciences,86
University of Cooperative Education,University of Cooperative Education,https://ror.org/014cnmj57,Ravensburg University of Cooperative Education,86
Federal College of Education Gidan Madi,Federal College of Education Gidan Madi,https://ror.org/00wqp8t15,"Federal College of Education, Kano",86
Federal College of Education Gidan Madi,Federal College of Education Gidan Madi,https://ror.org/03g5rm013,"Federal College of Education, Zaria",85
Federal College of Education Gidan Madi,Federal College of Education Gidan Madi,https://ror.org/03qhfrv73,"Federal College of Education, Iwo",85
École Normale Supérieure de Fès,École Normale Supérieure de Fès,https://ror.org/04pry7b16,École Normale Supérieure de Tétouan,85
Mariammal Educational Trust,Mariammal Educational Trust,https://ror.org/01cphbs04,Velammal Educational Trust,87
Nevada Bureau of Mines and Geology,Nevada Bureau of Mines and Geology,https://ror.org/03db6jy14,Montana Bureau of Mines and Geology,90
Institut Supérieur des Techniques Médicales de Bukavu,Institut Supérieur des Techniques Médicales de Bukavu,https://ror.org/0160m7k04,Institut Supérieur de Technique Médicale,86
Universitas Muhammadiyah Lamongan,Universitas Muhammadiyah Lamongan,https://ror.org/02kq60523,Universitas Muhammadiyah Metro,86
Universitas Muhammadiyah Lamongan,Universitas Muhammadiyah Lamongan,https://ror.org/03zf73d71,Universitas Muhammadiyah Lampung,92
Universitas Muhammadiyah Lamongan,Universitas Muhammadiyah Lamongan,https://ror.org/02xwcny57,Universitas Muhammadiyah Buton,86
Universitas Muhammadiyah Lamongan,Universitas Muhammadiyah Lamongan,https://ror.org/042aj7s67,Universitas Muhammadiyah Kupang,88
Universitas Muhammadiyah Lamongan,Universitas Muhammadiyah Lamongan,https://ror.org/01j1wt659,Universitas Muhammadiyah Malang,91
Universitas Muhammadiyah Lamongan,Universitas Muhammadiyah Lamongan,https://ror.org/05w462p65,Universitas Muhammadiyah Palembang,87
Universitas Muhammadiyah Lamongan,Universitas Muhammadiyah Lamongan,https://ror.org/05hra0856,Universitas Muhammadiyah Semarang,85
Universitas Muhammadiyah Lamongan,Universitas Muhammadiyah Lamongan,https://ror.org/057xyvv49,Universitas Muhammadiyah Magelang,88
Universitas Muhammadiyah Lamongan,Universitas Muhammadiyah Lamongan,https://ror.org/05862k391,Universitas Muhammadiyah Bandung,86
Universitas Muhammadiyah Lamongan,Universitas Muhammadiyah Lamongan,https://ror.org/007j5qg12,Universitas Muhammadiyah Palangkaraya,86
Universitas Muhammadiyah Lamongan,University of Muhammadiyah Lamongan,https://ror.org/00pv6h884,University of Muhammadiyah Banjarmasin,85
Politeknik Negeri Bali,Bali State Polytechnic,https://ror.org/05n29k456,Malang State Polytechnic,87
Politeknik Negeri Bali,Politeknik Negeri Bali,https://ror.org/00m0asz87,Politeknik Negeri Batam,89
Politeknik Negeri Bali,Politeknik Negeri Bali,https://ror.org/05n29k456,Politeknik Negeri Malang,87
Politeknik Negeri Bali,Politeknik Negeri Bali,https://ror.org/00dm44s31,Politeknik Negeri Madiun,87
Politeknik Negeri Bali,Politeknik Negeri Bali,https://ror.org/05v5br676,Politeknik Negeri Bandung,85
Laboratoire Manceau de Mathématiques,Laboratoire Manceau de Mathématiques,https://ror.org/05sd5r855,Laboratoire de Mathématiques,88
Universitas Triatma Mulya,Universitas Triatma Mulya,https://ror.org/01wsc1g26,Universitas Prasetiya Mulya,85
Buxoro davlat pedagogika instituti,Bukhara State Pedagogical Institute,https://ror.org/00swkht58,Bukhara State Medical Institute,91
Buxoro davlat pedagogika instituti,Bukhara State Pedagogical Institute,https://ror.org/00wd0xj77,Andijan State Pedagogical Institute,86
Buxoro davlat pedagogika instituti,Bukhara State Pedagogical Institute,https://ror.org/037z3rx48,Namangan State Pedagogical Institute,85
Buxoro davlat pedagogika instituti,Bukhara State Pedagogical Institute,https://ror.org/04q8yne12,Navoi State Pedagogical Institute,85
Buxoro davlat pedagogika instituti,Bukhara State Pedagogical Institute,https://ror.org/03kb66j27,Shakhrisabz State Pedagogical Institute,86
Buxoro davlat pedagogika instituti,Buxoro davlat pedagogika instituti,https://ror.org/05ap1tw43,Jizzax Davlat Pedagogika Instituti,85
Buxoro davlat pedagogika instituti,Buxoro davlat pedagogika instituti,https://ror.org/04q8yne12,Navoiy davlat pedagogika instituti,85
VIT Bhopal University,VIT Bhopal University,https://ror.org/02ax13658,Bhopal University,89
Politeknik Negeri Madura,Madura State Polytechnic,https://ror.org/04v8qfb10,Jakarta State Polytechnic,86
Politeknik Negeri Madura,Madura State Polytechnic,https://ror.org/02g0fsq64,Samarinda State Polytechnic,86
Politeknik Negeri Madura,Madura State Polytechnic,https://ror.org/00bexrv72,Medan State Polytechnic,89
Politeknik Negeri Madura,Madura State Polytechnic,https://ror.org/05n29k456,Malang State Polytechnic,88
Politeknik Negeri Madura,Madura State Polytechnic,https://ror.org/04xwxtp60,Semarang State Polytechnic,88
Politeknik Negeri Madura,Politeknik Negeri Madura,https://ror.org/04v8qfb10,Politeknik Negeri Jakarta,86
Politeknik Negeri Madura,Politeknik Negeri Madura,https://ror.org/02g0fsq64,Politeknik Negeri Samarinda,86
Politeknik Negeri Madura,Politeknik Negeri Madura,https://ror.org/00m0asz87,Politeknik Negeri Batam,85
Politeknik Negeri Madura,Politeknik Negeri Madura,https://ror.org/00bexrv72,Politeknik Negeri Medan,89
Politeknik Negeri Madura,Politeknik Negeri Madura,https://ror.org/05n29k456,Politeknik Negeri Malang,88
Politeknik Negeri Madura,Politeknik Negeri Madura,https://ror.org/00dm44s31,Politeknik Negeri Madiun,92
Politeknik Negeri Madura,Politeknik Negeri Madura,https://ror.org/05v5br676,Politeknik Negeri Bandung,86
Politeknik Negeri Madura,Politeknik Negeri Madura,https://ror.org/04xwxtp60,Politeknik Negeri Semarang,88
SR University,S R Engineering College,https://ror.org/00m5dhe11,Arunai Engineering College,86
SR University,S R Engineering College,https://ror.org/038qac964,SRKR Engineering College,94
SR University,S. R. University,https://ror.org/05weahn72,S. V. University,93
SR University,S.R Engineering College,https://ror.org/00m5dhe11,Arunai Engineering College,88
SR University,S.R Engineering College,https://ror.org/038qac964,SRKR Engineering College,96
SR University,S.R Engineering College,https://ror.org/05m3rf228,KMEA Engineering College,87
SR University,S.R Engineering College,https://ror.org/0281pgk04,AAA Engineering College,89
SR University,S.R Engineering College,https://ror.org/01aams644,Easwari Engineering College,90
SR University,SR Engineering College,https://ror.org/00m5dhe11,Arunai Engineering College,88
SR University,SR Engineering College,https://ror.org/038qac964,SRKR Engineering College,96
SR University,SR Engineering College,https://ror.org/05m3rf228,KMEA Engineering College,87
SR University,SR Engineering College,https://ror.org/0281pgk04,AAA Engineering College,89
SR University,SR Engineering College,https://ror.org/01aams644,Easwari Engineering College,90
Universitas Tjut Nyak Dhien,Universitas Tjut Nyak Dhien,https://ror.org/0462rh519,Universitas Sains Cut Nyak Dhien,85
Unité d'Appui et de Recherche OSUR,Unité d'Appui et de Recherche OSUR,https://ror.org/03r5d5c48,Unité d'Appui et de Recherche Pythéas,87
Unité d'Appui et de Recherche OSUR,Unité d'Appui et de Recherche OSUR,https://ror.org/040bzgy82,Unité d'Appui et de Recherche OSUPS,96
Unité d'Appui et de Recherche OSUR,Unité d'Appui et de Recherche OSUR,https://ror.org/032582s48,Unité d'Appui et de Recherche THETA,87
Unité d'Appui et de Recherche OSUR,Unité d'Appui et de Recherche OSUR,https://ror.org/005ksrc76,Unité d'Appui et de Recherche POREA,93
STIKes Widya Dharma Husada Tangerang,STIKes WDH,https://ror.org/03aq0zp76,STIKes DHB,90
STIKes Widya Dharma Husada Tangerang,Sekolah Tinggi Ilmu Kesehatan Widya Dharma Husada Tangerang,https://ror.org/03aq0zp76,Sekolah Tinggi Ilmu Kesehatan Dharma Husadaid Bandung,86
Innovative University College,Kolej Universiti Inovatif,https://ror.org/02d6w7230,Kolej Universiti TATI,87
Xiangshan Hospital of Traditional Chinese Medicine,Xiangshan Hospital of Traditional Chinese Medicine,https://ror.org/00hagsh42,Wuhan Hospital of Traditional Chinese Medicine,92
Xiangshan Hospital of Traditional Chinese Medicine,Xiangshan Hospital of Traditional Chinese Medicine,https://ror.org/057vq6e26,Beijing Hospital of Traditional Chinese Medicine,90
Xiangshan Hospital of Traditional Chinese Medicine,Xiangshan Hospital of Traditional Chinese Medicine,https://ror.org/05kqdk687,Xiangyang Hospital of Traditional Chinese Medicine,96
Xiangshan Hospital of Traditional Chinese Medicine,Xiangshan Hospital of Traditional Chinese Medicine,https://ror.org/005p42z69,Panyu Hospital of Traditional Chinese Medicine,90
Xiangshan Hospital of Traditional Chinese Medicine,Xiangshan Hospital of Traditional Chinese Medicine,https://ror.org/006ymvg95,Wenzhou Hospital of Traditional Chinese Medicine,88
Xiangshan Hospital of Traditional Chinese Medicine,Xiangshan Hospital of Traditional Chinese Medicine,https://ror.org/03a8g0p38,Hangzhou Hospital of Traditional Chinese Medicine,91
Xiangshan Hospital of Traditional Chinese Medicine,Xiangshan Hospital of Traditional Chinese Medicine,https://ror.org/01dw0ab98,Foshan Hospital of Traditional Chinese Medicine,93
Xiangshan Hospital of Traditional Chinese Medicine,Xiangshan Hospital of Traditional Chinese Medicine,https://ror.org/053nkmh39,Honghu Hospital of Traditional Chinese Medicine,91
Xiangshan Hospital of Traditional Chinese Medicine,Xiangshan Hospital of Traditional Chinese Medicine,https://ror.org/02x5sw589,Anyang Hospital of Traditional Chinese Medicine,93
Xiangshan Hospital of Traditional Chinese Medicine,Xiangshan Hospital of Traditional Chinese Medicine,https://ror.org/04kazdy71,Xi'an Provincial Hospital of Traditional Chinese Medicine,87
Xiangshan Hospital of Traditional Chinese Medicine,Xiangshan Hospital of Traditional Chinese Medicine,https://ror.org/01m06ya33,Shanxi Province Hospital of Traditional Chinese Medicine,85
"Madrid Institute for Rural, Agrarian and Food Research and Development","Instituto Madrileño de Investigación y Desarrollo Rural, Agrario y Alimentario",https://ror.org/00zj9v924,Instituto Murciano de Investigacion y Desarrollo Agrario y Alimentario,88
High Tech High Graduate School of Education,HTH Graduate School of Education,https://ror.org/001sfpp23,Relay Graduate School of Education,88
Amity University Gurugram,"Amity University, Gurgaon",https://ror.org/0343j7r38,"ITM University, Gurgaon",91
Inner Mongolia Electric Power Research Institute,Inner Mongolia Electric Power Research Institute,https://ror.org/05ehpzy81,China Electric Power Research Institute,85
College of Dental Sciences & Research Centre,College of Dental Science and Research Centre,https://ror.org/03v08em34,Maaruti College of Dental sciences & Research Center,85
College of Dental Sciences & Research Centre,College of Dental Sciences & Research Centre,https://ror.org/03v08em34,Maaruti College of Dental sciences & Research Center,89
College of Dental Sciences & Research Centre,College of Dental Sciences and Research Centre,https://ror.org/03v08em34,Maaruti College of Dental sciences & Research Center,87
Wenzhou Business College,Wenzhou Business College,https://ror.org/02d0cgn19,Anhui Business College,87
TecNM Campus Tamazunchale,Instituto Tecnológico Superior de Tamazunchale,https://ror.org/05wc2hs84,Instituto Tecnológico Superior de Huauchinango,85
TecNM Campus Tamazunchale,Instituto Tecnológico Superior de Tamazunchale,https://ror.org/03jg63j21,Instituto Tecnológico Superior de Tantoyuca,88
TecNM Campus Tamazunchale,Instituto Tecnológico Superior de Tamazunchale,https://ror.org/04bjtbt12,Instituto Tecnológico Superior de Lerdo,85
TecNM Campus Tamazunchale,Instituto Tecnológico Superior de Tamazunchale,https://ror.org/00dds0202,Instituto Tecnológico Superior de Cananea,87
TecNM Campus Tamazunchale,Instituto Tecnológico Superior de Tamazunchale,https://ror.org/019kjfs29,Instituto Tecnológico Superior de Calkiní,85
TecNM Campus Tamazunchale,Instituto Tecnológico Superior de Tamazunchale,https://ror.org/02yy6gj83,Instituto Tecnológico Superior de Tlaxco,86
TecNM Campus Tamazunchale,Instituto Tecnológico Superior de Tamazunchale,https://ror.org/001gedw60,Instituto Tecnológico Superior de Huichapan,85
TecNM Campus Tamazunchale,Instituto Tecnológico Superior de Tamazunchale,https://ror.org/009rr6x76,Instituto Tecnológico Superior de Xalapa,86
TecNM Campus Tamazunchale,Instituto Tecnológico Superior de Tamazunchale,https://ror.org/03qeca755,Instituto Tecnológico Superior de Ébano,85
TecNM Campus Tamazunchale,Instituto Tecnológico Superior de Tamazunchale,https://ror.org/04hxjrb09,Instituto Tecnológico Superior de Guasave,85
TecNM Campus Tamazunchale,"Instituto Tecnológico Superior de Tamazunchale, S.L.P.",https://ror.org/03qeca755,Instituto Tecnológico Superior de Ébano S.L.P.,86
Guangxi Eco-Engineering Vocational and Technical College,Guangxi Eco-Engineering Vocational and Technical College,https://ror.org/00mas2304,Guangxi Logistics Vocational and Technical College,86
"Government College of Engineering, Erode","Government College of Engineering, Erode",https://ror.org/05a1an246,"Government College of Engineering, Tirunelveli",86
"Government College of Engineering, Erode","Government College of Engineering, Erode",https://ror.org/00gcgw028,"Government College of Engineering, Nagpur",89
"Government College of Engineering, Erode","Government College of Engineering, Erode",https://ror.org/02b1vt080,"Government College of Engineering, Keonjhar",89
Loyola College of Social Sciences,Loyola College of Social Sciences (Autonomous),https://ror.org/00tqx3b24,Rajagiri College of Social Sciences (Autonomous),87
Laboratoire de recherche en Économie,Laboratoire de recherche en Économie,https://ror.org/028nd8457,Laboratoire de recherche en gestion et économie,87
Laboratoire de recherche en Économie,Laboratoire de recherche en Économie,https://ror.org/036tyjs84,Laboratoire de recherche en droit,87
Laboratoire de recherche en Gestion,Laboratoire de recherche en Gestion,https://ror.org/028nd8457,Laboratoire de recherche en gestion et économie,85
Laboratoire de recherche en Gestion,Laboratoire de recherche en Gestion,https://ror.org/036tyjs84,Laboratoire de recherche en droit,85
Laboratoire de recherche en Gestion,Laboratoire de recherche en Gestion,https://ror.org/00s4fex77,Laboratoire de recherche en Management,85
Laboratoire de recherche en Gestion,Laboratoire de recherche en Gestion,https://ror.org/01ntvnd36,Laboratoire de Recherche en Management,85
Termez State Pedagogical Institute,Termez Davlat Pedagogika Instituti,https://ror.org/05ap1tw43,Jizzax Davlat Pedagogika Instituti,85
Kokand State University,Kokand State University,https://ror.org/046q22e19,Kokand University,85
Kokand State University,Qoʻqon Davlat Universiteti,https://ror.org/05k4xnj24,Buxoro davlat universiteti,85
RevBio (United States),RevBio (United States),https://ror.org/03wkdj490,RGenix (United States),85
"Soban Singh Jeena Government Institute of Medical Sciences and Research, Almora",Almora Medical College,https://ror.org/0030d2559,Goa Medical College,88
"Soban Singh Jeena Government Institute of Medical Sciences and Research, Almora",Almora Medical College,https://ror.org/03yz7v531,Mysore Medical College,86
National Forensic Sciences University Dharwad Campus,"National Forensic Sciences University, Dharwad",https://ror.org/03fbv3w59,National Forensic Sciences University,90
Polícia Rodoviária Federal,Federal Highway Police of Brazil,https://ror.org/01hmd1y41,Federal Police of Brazil,86
Institute of Plant Protection of the National Academy of Agrarian Sciences of Ukraine,Institute of Plant Protection of the National Academy of Agrarian Sciences of Ukraine,https://ror.org/04jrf5w40,Institute of Fisheries of the National Academy of Agrarian Sciences of Ukraine,87
Institute of Plant Protection of the National Academy of Agrarian Sciences of Ukraine,Institute of Plant Protection of the National Academy of Agrarian Sciences of Ukraine,https://ror.org/02n5m2450,Institute of Horticulture of the National Academy of Agrarian Sciences of Ukraine,88
Institute of Plant Protection of the National Academy of Agrarian Sciences of Ukraine,Institute of Plant Protection of the National Academy of Agrarian Sciences of Ukraine,https://ror.org/05tm1p212,Institute of Oilseed Crops of the National Academy of Agrarian Sciences of Ukraine,87
Institute of Plant Protection of the National Academy of Agrarian Sciences of Ukraine,Institute of Plant Protection of the National Academy of Agrarian Sciences of Ukraine,https://ror.org/04fcycp48,Institute of Veterinary Medicine of the National Academy of Agrarian Sciences of Ukraine,87
Institute of Plant Protection of the National Academy of Agrarian Sciences of Ukraine,Institute of Plant Protection of the National Academy of Agrarian Sciences of Ukraine,https://ror.org/03a5bvk43,Institute of Climate-Smart Agriculture of the National Academy of Agrarian Sciences of Ukraine,85
Institute of Plant Protection of the National Academy of Agrarian Sciences of Ukraine,Інститут захисту рослин Національної академії аграрних наук України,https://ror.org/02n5m2450,Інститут садівництва Національної академії аграрних наук України,85
Institute of Plant Protection of the National Academy of Agrarian Sciences of Ukraine,Інститут захисту рослин Національної академії аграрних наук України,https://ror.org/00ccqnx36,Інститут харчових ресурсів Національної академії аграрних наук України,86
Instituto de Investigaciones en Ciencias de la Educación,Instituto de Investigaciones en Ciencias de la Educación,https://ror.org/00vsnbn30,Instituto de Investigaciones en Ciencias de la Salud,89
Ishikawa Hospital,Ishikawa Hospital,https://ror.org/032qsa580,Nishikawa Hospital,97
"Swedish University of Agricultural Sciences, Alnarp",Sveriges lantbruksuniversitet Alnarp,https://ror.org/02yy8x990,Sveriges Lantbruksuniversitet,89
"Swedish University of Agricultural Sciences, Alnarp","Swedish University of Agricultural Sciences, Alnarp",https://ror.org/02yy8x990,Swedish University of Agricultural Sciences,92
St. Kabir Institute of Professional Studies,Saint Kabir Institute of Professional Studies,https://ror.org/03yarwa09,Update Institute of Professional Studies,85
St. Kabir Institute of Professional Studies,St. Kabir Institute of Professional Studies,https://ror.org/03yarwa09,Update Institute of Professional Studies,85
Devs Homoeopathic Medical College and Hospital,Devs Homoeopathic Medical College & Hospital,https://ror.org/00yak2029,Venkateswara Homoeopathic Medical College and Hospital,85
Devs Homoeopathic Medical College and Hospital,Devs Homoeopathic Medical College & Hospital,https://ror.org/0176h5851,Midnapore Homeopathic Medical College and Hospital,86
Devs Homoeopathic Medical College and Hospital,Devs Homoeopathic Medical College and Hospital,https://ror.org/00yak2029,Venkateswara Homoeopathic Medical College and Hospital,88
Devs Homoeopathic Medical College and Hospital,Devs Homoeopathic Medical College and Hospital,https://ror.org/049pb4825,Metropolitan Homoeopathic Medical College and Hospital,86
Devs Homoeopathic Medical College and Hospital,Devs Homoeopathic Medical College and Hospital,https://ror.org/0176h5851,Midnapore Homeopathic Medical College and Hospital,90
Federal College of Agrioculture Ishiagu,Federal College of Agrioculture Ishiagu,https://ror.org/050850526,Federal College of Agriculture,87
Federal College of Agrioculture Ishiagu,"Federal College of Agrioculture, Ishiagu",https://ror.org/050850526,Federal College of Agriculture,87
"Monash University, Indonesia","Monash University, Indonesia",https://ror.org/02a1v0072,Mitra University Indonesia,87
One School of Business,One School of Business,https://ror.org/027t6ka17,Indian School of Business,85
One School of Business,One School of Business,https://ror.org/0305fyb87,Woxsen School of Business,89
One School of Business,One School of Business,https://ror.org/03b9dsq97,Xcellon School of Business,88
Universidad Nacional de Música,Universidad Nacional de Música,https://ror.org/004fs0e42,Universidad Nacional de Cajamarca,86
Universidad Nacional de Música,Universidad Nacional de Música,https://ror.org/031vfrf75,Universidad Nacional de Piura,88
Universidad Nacional de Música,Universidad Nacional de Música,https://ror.org/02rp4gd98,Universidad Nacional de Ucayali,85
Pledge Therapeutics,Pledge Therapeutics,https://ror.org/03phcd550,Edgewise Therapeutics,85
Historisches Museum Basel,Historisches Museum Basel,https://ror.org/03chnjt72,Naturhistorisches Museum Basel,91
Kaiser Permanente Fremont Medical Center,Kaiser Permanente Fremont Medical Center,https://ror.org/05rfek682,Kaiser Permanente Oakland Medical Center,88
Kaiser Permanente Fremont Medical Center,Kaiser Permanente Fremont Medical Center,https://ror.org/017h1mj21,Kaiser Permanente Hayward Medical Center,85
Kaiser Permanente Fremont Medical Center,Kaiser Permanente Fremont Medical Center,https://ror.org/02q404g62,Kaiser Permanente Sacramento Medical Center,89
Kaiser Permanente Fremont Medical Center,Kaiser Permanente Fremont Medical Center,https://ror.org/02jw82j47,Kaiser Permanente Fontana Medical Center,92
Kaiser Permanente Fremont Medical Center,Kaiser Permanente Fremont Medical Center,https://ror.org/02r3xg590,Kaiser Permanente Vallejo Medical Center,88
Kaiser Permanente Fremont Medical Center,Kaiser Permanente Fremont Medical Center,https://ror.org/047hxsy31,Kaiser Permanente Anaheim Medical Center,88
Kaiser Permanente Fremont Medical Center,Kaiser Permanente Fremont Medical Center,https://ror.org/01wgych27,Kaiser Permanente Riverside Medical Center,85
Kaiser Permanente Fremont Medical Center,Kaiser Permanente Fremont Medical Center,https://ror.org/00vdcfb98,Kaiser Permanente Castle Medical Center,86
Kaiser Permanente Fremont Medical Center,Kaiser Permanente Fremont Medical Center,https://ror.org/03ecr5c85,Kaiser Permanente Burke Medical Center,90
Kaiser Permanente Fremont Medical Center,Kaiser Permanente Fremont Medical Center,https://ror.org/03t30gb84,Kaiser Permanente Woodlawn Medical Center,86
Kaiser Permanente Fremont Medical Center,Kaiser Permanente Fremont Medical Center,https://ror.org/0280q1024,Kaiser Permanente Roseville Medical Center,85
Kaiser Permanente Fremont Medical Center,Kaiser Permanente Fremont Medical Center,https://ror.org/01q9c7s07,Kaiser Permanente Richmond Medical Center,91
Kaiser Permanente Fremont Medical Center,Kaiser Permanente Fremont Medical Center,https://ror.org/042y18291,Kaiser Permanente Zion Medical Center,91
Kaiser Permanente Fremont Medical Center,Kaiser Permanente Fremont Medical Center,https://ror.org/03xx88d27,Kaiser Permanente Moanalua Medical Center,89
Kaiser Permanente Fremont Medical Center,Kaiser Permanente Fremont Medical Center,https://ror.org/00fg98b82,Kaiser Permanente San Diego Medical Center,85
Amity University Jaipur,Amity University Jaipur,https://ror.org/03vr3gq96,"ICFAI University, Jaipur",87
The Institute of Problems on Education of the National Academy of Educational Sciences of Ukraine,Institute of Problems on Education of the National Academy of Educational Sciences of Ukraine,https://ror.org/02rdthx75,Institute of Higher Education of the National Academy of Educational Sciences of Ukraine,92
The Institute of Problems on Education of the National Academy of Educational Sciences of Ukraine,Institute of Problems on Education of the National Academy of Educational Sciences of Ukraine,https://ror.org/02bv1h546,Institute of Vocational Education of the National Academy of Educational Sciences of Ukraine,92
The Institute of Problems on Education of the National Academy of Educational Sciences of Ukraine,The Institute of Problems on Education of the National Academy of Educational Sciences of Ukraine,https://ror.org/02bv1h546,Institute of Vocational Education of the National Academy of Educational Sciences of Ukraine,90
The Institute of Problems on Education of the National Academy of Educational Sciences of Ukraine,The Institute of Problems on Education of the National Academy of Educational Sciences of Ukraine,https://ror.org/02rdthx75,Institute of Higher Education of the National Academy of Educational Sciences of Ukraine,90
The Institute of Problems on Education of the National Academy of Educational Sciences of Ukraine,Інститут проблем виховання Національної академії педагогічних наук України,https://ror.org/02rdthx75,Інститут вищої освіти Національної академії педагогічних наук Україн,85
Huế University of Medicine and Pharmacy,Hue University of Medicine and Pharmacy,https://ror.org/04wtn5j93,Thai Binh University of Medicine and Pharmacy,88
Huế University of Medicine and Pharmacy,Hue University of Medicine and Pharmacy,https://ror.org/025kb2624,University of Medicine and Pharmacy at HCMC,85
Huế University of Medicine and Pharmacy,Hue University of Medicine and Pharmacy,https://ror.org/053jkh992,Thai Nguyen University of Medicine and Pharmacy,91
Huế University of Medicine and Pharmacy,Hue University of Medicine and Pharmacy,https://ror.org/04rq4jq39,Can Tho University of Medicine and Pharmacy,90
Huế University of Medicine and Pharmacy,Hue University of Medicine and Pharmacy,https://ror.org/034y0z725,Hai phong University Of Medicine and Pharmacy,88
Huế University of Medicine and Pharmacy,Huế University of Medicine and Pharmacy,https://ror.org/053jkh992,Thai Nguyen University of Medicine and Pharmacy,88
Huế University of Medicine and Pharmacy,Huế University of Medicine and Pharmacy,https://ror.org/04rq4jq39,Can Tho University of Medicine and Pharmacy,90
Huế University of Medicine and Pharmacy,Huế University of Medicine and Pharmacy,https://ror.org/034y0z725,Hai phong University Of Medicine and Pharmacy,88
Huế University of Medicine and Pharmacy,Huế University of Medicine and Pharmacy,https://ror.org/04wtn5j93,Thai Binh University of Medicine and Pharmacy,88
Huế University of Medicine and Pharmacy,Huế University of Medicine and Pharmacy,https://ror.org/025kb2624,University of Medicine and Pharmacy at HCMC,85
Huế University of Medicine and Pharmacy,"Trường Đại học Y Dược, Đại học Huế",https://ror.org/053jkh992,"Trường Đại học Y - Dược, Đại học Thái Nguyên",85
Politeknik Wilmar Bisnis Indonesia,Politeknik WBI,https://ror.org/01kz6he51,Politeknik SCI,86
Instituto de Arqueología,Instituto de Arqueología de la Facultad de Filosofía y Letras de la Universidad de Buenos Aires,https://ror.org/017vc0d35,Instituto de Lingüística de la Facultad de Filosofía y Letras de la Universidad de Buenos Aires,93
Instituto de Arqueología,Instituto de Arqueología de la Universidad de Buenos Aires,https://ror.org/017vc0d35,Instituto de Lingüística de la Universidad de Buenos Aires,88
Arizona Department of Transportation,Arizona Department of Transportation,https://ror.org/02h7f3665,Wisconsin Department of Transportation,86
Arizona Department of Transportation,Arizona Department of Transportation,https://ror.org/012c35a11,Missouri Department of Transportation,85
Arizona Department of Transportation,Arizona Department of Transportation,https://ror.org/04p63s850,Minnesota Department of Transportation,86
Arizona Department of Transportation,Arizona Department of Transportation,https://ror.org/00ktzqz45,Georgia Department of Transportation,89
Arizona Department of Transportation,Arizona Department of Transportation,https://ror.org/00ys2za03,Montana Department of Transportation,89
Arizona Department of Transportation,Arizona Department of Transportation,https://ror.org/014303d61,Ohio Department of Transportation,90
Arizona Department of Transportation,Arizona Department of Transportation,https://ror.org/01kae7563,Michigan Department of Transportation,85
Arizona Department of Transportation,Arizona Department of Transportation,https://ror.org/02vgzrk89,Illinois Department of Transportation,85
Arizona Department of Transportation,Arizona Department of Transportation,https://ror.org/01v2vzt58,Florida Department of Transportation,89
Arizona Department of Transportation,Arizona Department of Transportation,https://ror.org/028tfkh72,Oregon Department of Transportation,90
Arizona Department of Transportation,Arizona Department of Transportation,https://ror.org/05t0v7d07,IA Department of Transportation,93
Arizona Department of Transportation,Arizona Department of Transportation,https://ror.org/022hhqs29,Utah Department of Transportation,87
Arizona Department of Transportation,Arizona Department of Transportation,https://ror.org/05v0y3m60,Maine Department of Transportation,91
Arizona Department of Transportation,Arizona Department of Transportation,https://ror.org/04n8zmx34,Virginia Department of Transportation,90
Arizona Department of Transportation,Arizona Department of Transportation,https://ror.org/04d46jp54,California Department of Transportation,91
Arizona Department of Transportation,Arizona Department of Transportation,https://ror.org/025j46253,Indiana Department of Transportation,89
Arizona Department of Transportation,Arizona Department of Transportation,https://ror.org/02ky21x08,Texas Department of Transportation,86
Arizona Department of Transportation,Arizona Department of Transportation,https://ror.org/037ej5648,West Virginia Department of Transportation,85
STKIP PGRI Bandar Lampung,Sekolah Tinggi Keguruan dan Ilmu Pendidikan PGRI Bandar Lampung,https://ror.org/05j6vfd95,Sekolah Tinggi Keguruan dan Ilmu Pendidikan PGRI Bangkalan,93
STKIP PGRI Bandar Lampung,Sekolah Tinggi Keguruan dan Ilmu Pendidikan PGRI Bandar Lampung,https://ror.org/01gedh423,Sekolah Tinggi Keguruan dan Ilmu Pendidikan PGRI Situbondo,86
STKIP PGRI Bandar Lampung,Sekolah Tinggi Keguruan dan Ilmu Pendidikan PGRI Bandar Lampung,https://ror.org/04gmtj115,Sekolah Tinggi Keguruan dan Ilmu Pendidikan Garut,86
STKIP PGRI Bandar Lampung,Sekolah Tinggi Keguruan dan Ilmu Pendidikan PGRI Bandar Lampung,https://ror.org/00q2gt621,Sekolah Tinggi Keguruan dan Ilmu Pendidikan Paris Barantai,88
ESPI Bordeaux,ESPI Bordeaux,https://ror.org/034a4bk84,LP2I Bordeaux,85
ESPI Bordeaux,ESPI Bordeaux,https://ror.org/05576mm83,Ensap Bordeaux,89
IMAR - Institutul de Matematică „Simion Stoilow” al Academiei Române,Institute of Mathematics of the Romanian Academy,https://ror.org/0307mca49,Institute of Solid Mechanics of the Romanian Academy,86
Instituto Tecnológico de Iguala,Instituto Tecnológico de Iguala,https://ror.org/03tamv273,Instituto Tecnológico de Celaya,87
Instituto Tecnológico de Iguala,Instituto Tecnológico de Iguala,https://ror.org/0087m7494,Instituto Tecnológico de Culiacán,88
Instituto Tecnológico de Iguala,Instituto Tecnológico de Iguala,https://ror.org/02zmh8h66,Instituto Tecnológico de León,87
Instituto Tecnológico de Iguala,Instituto Tecnológico de Iguala,https://ror.org/0377f1g25,Instituto Tecnológico de Tepic,85
Instituto Tecnológico de Iguala,Instituto Tecnológico de Iguala,https://ror.org/05s142056,Instituto Tecnológico de Toluca,87
Instituto Tecnológico de Iguala,Instituto Tecnológico de Iguala,https://ror.org/02c00pn47,Instituto Tecnológico de Durango,86
Instituto Tecnológico de Iguala,Instituto Tecnológico de Iguala,https://ror.org/0177s1090,Instituto Tecnológico de Nogales,89
Instituto Tecnológico de Iguala,Instituto Tecnológico de Iguala,https://ror.org/04dh6fw56,Instituto Tecnológico de Jiquilpan,89
Instituto Tecnológico de Iguala,Instituto Tecnológico de Iguala,https://ror.org/01af24v42,Instituto Tecnológico de Mérida,87
Instituto Tecnológico de Iguala,Instituto Tecnológico de Iguala,https://ror.org/03jfd4440,Instituto Tecnológico de Mexitali,88
Instituto Tecnológico de Iguala,Instituto Tecnológico de Iguala,https://ror.org/01gdpc846,Instituto Tecnológico de Apizaco,86
Instituto Tecnológico de Iguala,Instituto Tecnológico de Iguala,https://ror.org/01kv0ya56,Instituto Tecnológico de Chetumal,88
Instituto Tecnológico de Iguala,Instituto Tecnológico de Iguala,https://ror.org/03s3m8k31,Instituto Tecnológico de Oaxaca,87
Instituto Tecnológico de Iguala,Instituto Tecnológico de Iguala,https://ror.org/023nfn818,Instituto Tecnológico de Conkal,87
Instituto Tecnológico de Iguala,Instituto Tecnológico de Iguala,https://ror.org/02jsxsw65,Instituto Tecnológico de Puebla,90
Instituto Tecnológico de Iguala,Instituto Tecnológico de Iguala,https://ror.org/0460tzy11,Instituto Tecnológico de La Paz,87
Instituto Tecnológico de Iguala,TecNM Instituto Tecnológico de Iguala,https://ror.org/04m28hd07,TecNM Instituto Tecnológico de Tlalnepantla,85
Instituto Tecnológico de Iguala,TecNM Instituto Tecnológico de Iguala,https://ror.org/0460tzy11,TecNM - Instituto Tecnológico de La Paz,88
Physico-Chimie des Matériaux et des Électrolytes pour l’Énergie,UR 6299,https://ror.org/00zfr6d18,UR 6291,86
Physico-Chimie des Matériaux et des Électrolytes pour l’Énergie,UR 6299,https://ror.org/01n9yr226,UR 6298,86
Universitas Islam Negeri Siber Syekh Nurjati Cirebon,Institut Agama Islam Negeri Syekh Nurjati Cirebon,https://ror.org/02x2eem98,Institut Agama Islam Negeri Syekh Nurjati Cirebon,100
Vladimir Regional Oncology Center,Владимирский областной клинический онкологический диспансер,https://ror.org/05y09dk26,Самарский областной клинический онкологический диспансер,94
Vladimir Regional Oncology Center,Владимирский областной клинический онкологический диспансер,https://ror.org/05e9aes39,Челябинский областной клинический онкологический диспансер,91
Vladimir Regional Oncology Center,Владимирский областной клинический онкологический диспансер,https://ror.org/005hc0b16,Ставропольский областной клинический онкологический диспансер,88
Vladimir Regional Oncology Center,Владимирский областной клинический онкологический диспансер,https://ror.org/02w9pcv48,Оренбургский областной клинический онкологический диспансер,88
Vladimir Regional Oncology Center,Владимирский областной клинический онкологический диспансер,https://ror.org/00ddc4178,Воронежский областной клинический онкологический диспансер,91
Vladimir Regional Oncology Center,Владимирский областной клинический онкологический диспансер,https://ror.org/050g0hk79,Волгоградский областной клинический онкологический диспансер № 1,90
Vladimir Regional Oncology Center,ГБУЗВО «Областной клинический онкологический диспансер»,https://ror.org/05y09dk26,Самарский областной клинический онкологический диспансер,86
Vladimir Regional Oncology Center,ГБУЗВО «Областной клинический онкологический диспансер»,https://ror.org/05e9aes39,Челябинский областной клинический онкологический диспансер,86
Vladimir Regional Oncology Center,ГБУЗВО «Областной клинический онкологический диспансер»,https://ror.org/005hc0b16,Ставропольский областной клинический онкологический диспансер,86
Vladimir Regional Oncology Center,ГБУЗВО «Областной клинический онкологический диспансер»,https://ror.org/02w9pcv48,Оренбургский областной клинический онкологический диспансер,88
Vladimir Regional Oncology Center,ГБУЗВО «Областной клинический онкологический диспансер»,https://ror.org/00ddc4178,Воронежский областной клинический онкологический диспансер,88
Vladimir Regional Oncology Center,ГБУЗВО «Областной клинический онкологический диспансер»,https://ror.org/02jwr3j75,Городской клинический онкологический диспансер,87
VNU University of Social Sciences and Humanities,VNU University of Social Sciences and Humanities,https://ror.org/02c6yhw44,University of Social Sciences and Humanities,96
Universitas Sebelas April,Sebelas April University,https://ror.org/021hq5q33,Sebelas Maret University,88
Universitas Sebelas April,Universitas Sebelas April,https://ror.org/021hq5q33,Universitas Sebelas Maret,88
K.T.N College of Pharmacy,K. T. N. College of Pharmacy,https://ror.org/04fy3ta12,KVK College of Pharmacy,88
K.T.N College of Pharmacy,K. T. N. College of Pharmacy,https://ror.org/05pbn2r55,S V P College of Pharmacy,88
K.T.N College of Pharmacy,K.T.N College of Pharmacy,https://ror.org/04sadrh19,Hindu College of Pharmacy,88
K.T.N College of Pharmacy,K.T.N College of Pharmacy,https://ror.org/04fy3ta12,KVK College of Pharmacy,91
K.T.N College of Pharmacy,K.T.N College of Pharmacy,https://ror.org/03g3sf029,RJS College of Pharmacy,87
K.T.N College of Pharmacy,K.T.N College of Pharmacy,https://ror.org/05pbn2r55,S.V.P. College of Pharmacy,87
K.T.N College of Pharmacy,K.T.N. College of Pharmacy,https://ror.org/04sadrh19,Hindu College of Pharmacy,88
K.T.N College of Pharmacy,K.T.N. College of Pharmacy,https://ror.org/04fy3ta12,KVK College of Pharmacy,91
K.T.N College of Pharmacy,K.T.N. College of Pharmacy,https://ror.org/03g3sf029,RJS College of Pharmacy,87
K.T.N College of Pharmacy,K.T.N. College of Pharmacy,https://ror.org/05pbn2r55,S.V.P. College of Pharmacy,87
K.T.N College of Pharmacy,KTN College of Pharmacy,https://ror.org/04sadrh19,Hindu College of Pharmacy,88
K.T.N College of Pharmacy,KTN College of Pharmacy,https://ror.org/04fy3ta12,KVK College of Pharmacy,91
K.T.N College of Pharmacy,KTN College of Pharmacy,https://ror.org/03g3sf029,RJS College of Pharmacy,87
K.T.N College of Pharmacy,KTN College of Pharmacy,https://ror.org/05pbn2r55,S.V.P. College of Pharmacy,87
"Advanced Atomization Technologies, LLC (United States)","Advanced Atomization Technologies, LLC (United States)",https://ror.org/038aete71,Advanced Diamond Technologies (United States),85
"Advanced Atomization Technologies, LLC (United States)","Advanced Atomization Technologies, LLC (United States)",https://ror.org/00snkpt73,Advanced Anti-Terror Technologies (United States),85
Institut Teknologi Del,Institut Teknologi Del,https://ror.org/02285qe65,Institut Teknologi Padang,85
Institut Teknologi Del,Institut Teknologi Del,https://ror.org/03tc2j669,Institut Teknologi Medan,87
Institut Teknologi Del,Institut Teknologi Del,https://ror.org/027z4c440,Institut Teknologi Calvin,85
Institut Teknologi Del,Institut Teknologi Del,https://ror.org/05tdc8560,Institut Teknologi PLN,91
Institut Teknologi Del,Institut Teknologi Del,https://ror.org/00z7gtd29,Institut Teknologi Lombok,85
ESPI Paris,ESPI Paris,https://ror.org/03zx86w41,ESPCI Paris,95
Jawaharlal Nehru New College of Engineering,JNN College of Engineering,https://ror.org/00hvk3c79,MVGR College of Engineering,87
Jawaharlal Nehru New College of Engineering,JNN College of Engineering,https://ror.org/041re0e60,R.V. College of Engineering,90
Jawaharlal Nehru New College of Engineering,JNN College of Engineering,https://ror.org/02g4pvf45,B.M.S. College of Engineering,88
Jawaharlal Nehru New College of Engineering,JNN College of Engineering,https://ror.org/01ztcvt22,Delhi College of Engineering,85
Jawaharlal Nehru New College of Engineering,JNN College of Engineering,https://ror.org/01dez0c30,MVJ College of Engineering,92
Jawaharlal Nehru New College of Engineering,JNN College of Engineering,https://ror.org/037tgdn13,Hindustan College of Engineering,86
Jawaharlal Nehru New College of Engineering,JNN College of Engineering,https://ror.org/056wyhh33,Bihar College of Engineering,85
Jawaharlal Nehru New College of Engineering,JNN College of Engineering,https://ror.org/013vqm712,TKM College of Engineering,88
Jawaharlal Nehru New College of Engineering,JNN College of Engineering,https://ror.org/05ypjr115,HKBK College of Engineering,87
Jawaharlal Nehru New College of Engineering,JNN College of Engineering,https://ror.org/04m245a70,S.V. College of Engineering,90
Jawaharlal Nehru New College of Engineering,JNN College of Engineering,https://ror.org/04rftj768,Jaihind College of Engineering,89
D4Science,D4Science,https://ror.org/03vb2cr34,4Science,94
ESPI Marseille,ESPI Marseille,https://ror.org/000vmwg42,ENSA Marseille,86
Dalian Art College,Dalian Art College,https://ror.org/002b7nr53,Dalian Marine College,87
Fondation OPEN-C,Fondation OPEN-C,https://ror.org/055jvqb21,Fondation HEC,86
NETES Institute of Pharmaceutical Science,NETES Institute of Pharmaceutical Science,https://ror.org/00r3bk393,Pratiksha Institute of Pharmaceutical Sciences,87
NETES Institute of Pharmaceutical Science,NETES Institute of Pharmaceutical Science,https://ror.org/01vva4430,Roland Institute of Pharmaceutical Sciences,88
NETES Institute of Pharmaceutical Science,NETES Institute of Pharmaceutical Science,https://ror.org/03racvd14,Modern Institute of Pharmaceutical Sciences,88
Gajju Khan Medical College,Gajju Khan Medical College,https://ror.org/018c91412,Bacha Khan Medical College,85
Gajju Khan Medical College,Gajju Khan Medical College,https://ror.org/05nwrf687,D. G. Khan Medical College,88
Universitätsverlag Kiel,Universitätsverlag Kiel,https://ror.org/00gnnx384,Universitätsverlag Kassel,92
Sidama Regional Health Bureau,Sidama Regional Health Bureau,https://ror.org/03k3h8z07,Oromiyaa Regional Health Bureau,87
Sidama Regional Health Bureau,Sidama Regional Health Bureau,https://ror.org/00b2nf889,Amhara Regional Health Bureau,90
Simmons College of Kentucky,Simmons Bible College,https://ror.org/03nrq6f82,Zion Bible College,87
Research Institute for Earth Sciences,Research Institute for Earth Sciences,https://ror.org/01kpm1136,Research Institute for Endocrine Sciences,87
Centro Universitário de Mineiros,Centro Universitário de Mineiros,https://ror.org/00arjnt84,Centro Universitário de Goiás,85
Centro Universitário de Mineiros,Centro Universitário de Mineiros,https://ror.org/02dm3hc63,Centro Universitário de Jales,85
Centro Universitário de Mineiros,Centro Universitário de Mineiros,https://ror.org/007qdam28,Centro Universitário de Lins,90
GGD Twente,Gemeentelijke Gezondheidsdienst Twente,https://ror.org/042s2nd27,Gemeentelijke gezondheidsdienst Zeeland,88
GGD Twente,Gemeentelijke Gezondheidsdienst Twente,https://ror.org/007b8s847,Gemeentelijke gezondheidsdienst Haaglanden,85
GGD Twente,Gemeentelijke Gezondheidsdienst Twente,https://ror.org/02kj9za59,Gemeentelijke gezondheidsdienst West-Brabant,89
Sekolah Tinggi Ilmu Kesehatan Bataraguru,Sekolah Tinggi Ilmu Kesehatan Bataraguru,https://ror.org/011zhpm35,Sekolah Tinggi Ilmu Kesehatan Intan Martapura,85
Universitäts- und Landesbibliothek Darmstadt,ULB Darmstadt,https://ror.org/05n911h24,TU Darmstadt,88
ASR Technologies,ASR Technologies,https://ror.org/04z0xef73,Enpar Technologies,88
ASR Technologies,ASR Technologies Inc.,https://ror.org/01hyxtd05,Neova Technologies Inc.,86
Communauté d'universités et établissements de Toulouse,Comue de Toulouse,https://ror.org/017h5q109,CHU de Toulouse,88
"Shaheed Benazir Bhutto University, Sheringal",Shaheed Benazir Bhutto University,https://ror.org/02zwhz281,Shaheed Benazir Bhutto University,100
"Shaheed Benazir Bhutto University, Sheringal",Shaheed Benazir Bhutto University,https://ror.org/00s2rk252,Shaheed Benazir Bhutto Women University,92
"Shaheed Benazir Bhutto University, Sheringal","Shaheed Benazir Bhutto University, Sheringal",https://ror.org/02zwhz281,Shaheed Benazir Bhutto University,87
