html_url,id,names.types.ror_display,status,types,names.types.alias,names.types.label,names.types.acronym,links.type.website,links.type.wikipedia,domains,established,external_ids.type.fundref.all,external_ids.type.fundref.preferred,external_ids.type.grid.all,external_ids.type.grid.preferred,external_ids.type.isni.all,external_ids.type.isni.preferred,external_ids.type.wikidata.all,external_ids.type.wikidata.preferred,city,country,locations.geonames_id
,https://ror.org/0259fwx54,,,,,,,,,add==zbmed.de,,,,,,,,,,,,
,https://ror.org/02fzn1g05,,,,,,,replace==https://www.contipro.com,,add==contipro.com,,,,,,,,,,,,
,https://ror.org/04a7vn235,,,,,,,,,add==tinaztepe.edu.tr,,,,,,,,,,,,
,https://ror.org/02bkgy413,,,,,,,,,add==relaytx.com,,,,,,,,,,,,
,https://ror.org/047cmjs63,,,,,,,replace==https://www.campbellsville.edu,,add==campbellsville.edu,,,,,,,,,,,,
,https://ror.org/038cnrz59,,,,,,,,,add==iie.ac.za,,,,,,,,,,,,
,https://ror.org/0538nf417,,,,,,,,,add==innorenew.eu,,,,,,,,,,,,
,https://ror.org/043dtk166,,,,,,,replace==https://www.uwed.uz,,add==uwed.uz,,,,,,,,,,,,
,https://ror.org/05xca6483,,,,,,,replace==https://www.baypath.edu,,add==baypath.edu,,,,,,,,,,,,
,https://ror.org/00zda8x95,,,,,,,replace==https://unity.edu,,add==unity.edu,,,,,,,,,,,,
,https://ror.org/05bpd1c44,,,,,,,,,add==uaysen.cl,,,,,,,,,,,,
,https://ror.org/04k26n974,,,,,,,replace==https://ispgaya.pt,,add==ispgaya.pt,,,,,,,,,,,,
,https://ror.org/0042bdc75,,,,,,,,,add==ac.edu.au,,,,,,,,,,,,
,https://ror.org/05wygq130,,,,,,,,,add==ugm.cl,,,,,,,,,,,,
,https://ror.org/01y8d6z34,,,,,,,replace==https://mvn.edu.in,,add==mvn.edu.in,,,,,,,,,,,,
,https://ror.org/011t2v902,,,,,,,replace==https://www.carlow.edu,,add==carlow.edu,,,,,,,,,,,,
,https://ror.org/04phycn98,,,,,,,replace==https://www.sanbeda.edu.ph,,add==sanbeda.edu.ph,,,,,,,,,,,,
,https://ror.org/03dy9v459,,,,,,,replace==https://unkorce.edu.al,,add==unkorce.edu.al,,,,,,,,,,,,
,https://ror.org/012p9gs30,,,,,,,replace==https://www.sfcollege.edu,,add==sfcollege.edu,,,,,,,,,,,,
,https://ror.org/05ddevr29,,,,,,,,,add==unitepc.edu.bo,,,,,,,,,,,,
,https://ror.org/01psb9158,,,,,,,replace==https://www.community.edu.qa/English/Pages/default.aspx,,add==ccq.edu.qa,,,,,,,,,,,,
,https://ror.org/05yjwhg67,,,,,,,replace==https://nuclear.ro,,add==nuclear.ro,,,,,,,,,,,,
,https://ror.org/01kzbqm05,,,,,,,replace==https://cem-cat.org,,add==cem-cat.org,,,,,,,,,,,,
,https://ror.org/02tkjx303,,,,,,,,,add==cenat.ac.cr,,,,,,,,,,,,
,https://ror.org/046dwx283,,,,,,,replace==https://www.sangamo.com,,add==sangamo.com,,,,,,,,,,,,
,https://ror.org/052vggk81,,,,,,,replace==https://nami.ru,,add==nami.ru,,,,,,,,,,,,
,https://ror.org/024msj675,,,,,,,replace==https://www.uny.edu.ve,,add==uny.edu.ve,,,,,,,,,,,,
,https://ror.org/03h800j91,,,,,,,replace==https://www.unad.edu.do,,add==unad.edu.do,,,,,,,,,,,,
,https://ror.org/05ng0t640,,,,,,,,,add==unikadelasalle.ac.id,,,,,,,,,,,,
,https://ror.org/031h71w90,,,,,,,,,add==bsb-muenchen.de,,,,,,,,,,,,
,https://ror.org/052q8e925,,,,,,,replace==https://ensb.dz,,add==ensb.dz,,,,,,,,,,,,
,https://ror.org/036vgbd10,,,,,,,,,add==dyellin.ac.il,,,,,,,,,,,,
,https://ror.org/03jq05c33,,,,,,,replace==https://dblue.it,,add==dblue.it,,,,,,,,,,,,
,https://ror.org/056v48353,,,,,,,replace==https://www.nait.ca/nait/home,,add==nait.ca,,,,,,,,,,,,
,https://ror.org/03y0tb128,,,,,,,replace==https://www.ausl.vda.it,,add==ausl.vda.it,,,,,,,,,,,,
,https://ror.org/03arq3225,,,,,,,,,add==michaeljfox.org,,,,,,,,,,,,
,https://ror.org/03cr9qq80,,,,,,,replace==https://www.iser.edu.co,,add==iser.edu.co,,,,,,,,,,,,
,https://ror.org/02y5m7j45,,,,,,,,,add==laikipia.ac.ke,,,,,,,,,,,,
,https://ror.org/00g4nz923,,,,,,,replace==https://vnimi.org,,add==vnimi.org,,,,,,,,,,,,
,https://ror.org/04mjvsy78,,,,,,,replace==https://www.igenomix.com,,add==igenomix.com,,,,,,,,,,,,
,https://ror.org/045jkfr03,,,,,,,replace==https://www.arvinas.com,,add==arvinas.com,,,,,,,,,,,,
,https://ror.org/03xg8pv73,,,,,,,replace==https://covenant.edu,,add==covenant.edu,,,,,,,,,,,,
,https://ror.org/00n1ygd32,,,,,,,replace==https://bsatu.by,,add==bsatu.by,,,,,,,,,,,,
,https://ror.org/01643wd06,,,,,,,,,add==igdore.org,,,,,,,,,,,,
,https://ror.org/036d1w285,,,,,,,,,add==asp.waw.pl,,,,,,,,,,,,
,https://ror.org/01bzgy570,,,,,,,,,add==roberts.edu,,,,,,,,,,,,
,https://ror.org/039avsx35,,,,,,,,,add==gipa.ge,,,,,,,,,,,,
,https://ror.org/02spway15,,,,,,,replace==https://ufg.edu.sv,,add==ufg.edu.sv,,,,,,,,,,,,
,https://ror.org/0023q4k34,,,,,,,replace==https://trilateralresearch.com,,add==trilateralresearch.com,,,,,,,,,,,,
,https://ror.org/0574he388,,,,,,,replace==https://ju.ac.ae,,add==ju.ac.ae,,,,,,,,,,,,
,https://ror.org/04ry38w69,,,,,,,replace==https://www.researchstudio.at,,add==researchstudio.at,,,,,,,,,,,,
,https://ror.org/04qw0nt96,,,,,,,replace==https://immatics.com,,add==immatics.com,,,,,,,,,,,,
,https://ror.org/05bh7ap46,,,,,,,,,add==mancosa.co.za,,,,,,,,,,,,
,https://ror.org/01f3b0g09,,,,,,,replace==https://itcl.es,,add==itcl.es,,,,,,,,,,,,
,https://ror.org/036xsg644,,,,,,,,,add==hvu.edu.vn,,,,,,,,,,,,
,https://ror.org/045kr5p19,,,,,,,replace==https://www.lifehealthcare.co.za,,add==lifehealthcare.co.za,,,,,,,,,,,,
,https://ror.org/05xevhk22,,,,,,,replace==https://www.tiffin.edu,,add==tiffin.edu,,,,,,,,,,,,
,https://ror.org/026tem613,,,,,,,replace==https://lyrasis.org,,add==lyrasis.org,,,,,,,,,,,,
,https://ror.org/04vwnq582,,,,,,,replace==https://msun.ru,,add==msun.ru,,,,,,,,,,,,
,https://ror.org/00e8cky09,,,,,,,replace==https://www.acimmune.com,,add==acimmune.com,,,,,,,,,,,,
,https://ror.org/033jd5r25,,,,,,,,,add==thga.de,,,,,,,,,,,,
,https://ror.org/01x81ey67,,,,,,,replace==https://inocar.mil.ec/web,,add==inocar.mil.ec,,,,,,,,,,,,
,https://ror.org/028d12s45,,,,,,,replace==https://www.ucanwest.ca,,add==ucanwest.ca,,,,,,,,,,,,
,https://ror.org/02ecg3h97,,,,,,,replace==https://iudehradun.edu.in,,add==iudehradun.edu.in,,,,,,,,,,,,
,https://ror.org/03s2mhd04,,,,,,,replace==https://hlu.edu.vn,,add==hlu.edu.vn,,,,,,,,,,,,
,https://ror.org/01s8vy398,,,,,,,replace==https://www.parker.edu,,add==parker.edu,,,,,,,,,,,,
,https://ror.org/04dmckt32,,,,,,,replace==https://sinchi.org.co,,add==sinchi.org.co,,,,,,,,,,,,
,https://ror.org/029xngd29,,,,,,,replace==https://chopin.edu.pl,,add==chopin.edu.pl,,,,,,,,,,,,
,https://ror.org/02fnywa89,,,,,,,replace==https://www.minsalud.gov.co/Portada/index.html,,add==minsalud.gov.co,,,,,,,,,,,,
,https://ror.org/040sbec56,,,,,,,,,add==cidaut.es,,,,,,,,,,,,
,https://ror.org/050j2px32,,,,,,,replace==https://riksarkivet.se,,add==riksarkivet.se,,,,,,,,,,,,
,https://ror.org/00rqdn375,,,,,,,,,add==phsz.ch,,,,,,,,,,,,
,https://ror.org/0296esg18,,,,,,,replace==https://www.valenciacollege.edu,,add==valenciacollege.edu,,,,,,,,,,,,
,https://ror.org/03tzscr25,,,,,,,,,add==boem.gov,,,,,,,,,,,,
,https://ror.org/025syxp62,,,,,,,replace==https://igac.gov.co,,add==igac.gov.co,,,,,,,,,,,,
,https://ror.org/033qfx261,,,,,,,replace==https://www.eada.edu,,add==eada.edu,,,,,,,,,,,,
,https://ror.org/00y35qw13,,,,,,,,,add==celonpharma.com,,,,,,,,,,,,
,https://ror.org/03yhc6593,,,,,,,replace==https://adzu.edu.ph,,add==adzu.edu.ph,,,,,,,,,,,,
,https://ror.org/03vr3gq96,,,,,,,,,add==iujaipur.edu.in,,,,,,,,,,,,
,https://ror.org/029nath19,,,,,,,replace==https://rss.jo/Default,,add==rss.jo,,,,,,,,,,,,
,https://ror.org/052fbwe76,,,,,,,replace==https://cstep.in,,add==cstep.in,,,,,,,,,,,,
,https://ror.org/05dna8580,,,,,,,,,add==vdivde-it.de,,,,,,,,,,,,
,https://ror.org/011bh3d24,,,,,,,replace==https://icbf.gov.co,,add==icbf.gov.co,,,,,,,,,,,,
,https://ror.org/0010qfz59,,,,,,,replace==https://www.fundecitrus.com.br,,add==fundecitrus.com.br,,,,,,,,,,,,
,https://ror.org/03kcqne70,,,,,,,,,add==bellasartes.edu.co,,,,,,,,,,,,
,https://ror.org/05y5qmm69,,,,,,,replace==https://heritage.edu,,add==heritage.edu,,,,,,,,,,,,
,https://ror.org/03ff06b47,,,,,,,,,add==hsutx.edu,,,,,,,,,,,,
,https://ror.org/024ew1n76,,,,,,,replace==https://www.richmond.ac.uk,,add==richmond.ac.uk,,,,,,,,,,,,
,https://ror.org/002xeeh02,,,,,,,,,add==ingeteam.com,,,,,,,,,,,,
,https://ror.org/00tebjn14,,,,,,,,,add==molecularpartners.com,,,,,,,,,,,,
,https://ror.org/032y7r881,,,,,,,replace==https://intrahealth.org,,add==intrahealth.org,,,,,,,,,,,,
,https://ror.org/01ehgvm85,,,,,,,,,add==ecam.fr,,,,,,,,,,,,
,https://ror.org/03p706b71,,,,,,,replace==https://lameso.edu.mx/oaxaca,,add==lameso.edu.mx,,,,,,,,,,,,
,https://ror.org/01c8z0k91,,,,,,,replace==https://www.arei.lv,,add==arei.lv,,,,,,,,,,,,
,https://ror.org/05mhhk279,,,,,,,replace==https://inflibnet.ac.in,,add==inflibnet.ac.in,,,,,,,,,,,,
,https://ror.org/03nj2kd75,,,,,,,replace==https://houstontx.gov,,add==houstontx.gov,,,,,,,,,,,,
,https://ror.org/048zea267,,,,,,,replace==https://jlu.edu.in,,add==jlu.edu.in,,,,,,,,,,,,
,https://ror.org/01xsjnd35,,,,,,,,,add==tmv.edu.in,,,,,,,,,,,,
,https://ror.org/04ys6zh37,,,,,,,,,add==snolab.ca,,,,,,,,,,,,
,https://ror.org/02vwh7h84,,,,,,,replace==https://wil.waw.pl,,add==wil.waw.pl,,,,,,,,,,,,
,https://ror.org/038dhnb42,,,,,,,replace==https://lero.ie,,add==lero.ie,,,,,,,,,,,,
,https://ror.org/00hhkje33,,,,,,,,,add==rhs.org.uk,,,,,,,,,,,,
,https://ror.org/05habh343,,,,,,,replace==https://www.ssibe.cat,,add==ssibe.cat,,,,,,,,,,,,
,https://ror.org/003rage82,,,,,,,replace==https://www.wsb-nlu.edu.pl,,add==wsb-nlu.edu.pl,,,,,,,,,,,,
,https://ror.org/035dq5k54,,,,,,,replace==https://www.isoe.de,,add==isoe.de,,,,,,,,,,,,
,https://ror.org/037hryt76,,,,,,,replace==https://www.icons.it,,add==icons.it,,,,,,,,,,,,
,https://ror.org/03feyt230,,,,,,,,,add==tougaloo.edu,,,,,,,,,,,,
,https://ror.org/008nk3d11,,,,,,,replace==https://www.zetech.ac.ke,,add==zetech.ac.ke,,,,,,,,,,,,
,https://ror.org/03693e022,,,,,,,replace==https://unibe.edu.ec,,add==unibe.edu.ec,,,,,,,,,,,,
,https://ror.org/02ev5wr74,,,,,,,replace==https://www.hu.ac.th,,add==hu.ac.th,,,,,,,,,,,,
,https://ror.org/051wenh03,,,,,,,replace==https://akademia.ac.za,,add==akademia.ac.za,,,,,,,,,,,,
,https://ror.org/01hp71z51,,,,,,,,,add==philochem.ch,,,,,,,,,,,,
,https://ror.org/01t7cnb95,,,,,,,replace==https://iwmbd.org,,add==iwmbd.org,,,,,,,,,,,,
,https://ror.org/00962x353,,,,,,,replace==https://lkab.com,,add==lkab.com,,,,,,,,,,,,
,https://ror.org/04vts6h49,,,,,,,,,add==kardan.edu.af,,,,,,,,,,,,
,https://ror.org/00fpvte21,,,,,,,,,add==aup.ac.uk,,,,,,,,,,,,
,https://ror.org/02j1ekg65,,,,,,,,,add==metanoia.ac.uk,,,,,,,,,,,,
,https://ror.org/01vmqaq17,,,,,,,,,add==norsus.no,,,,,,,,,,,,
,https://ror.org/054s94437,,,,,,,,,add==eam.edu.co,,,,,,,,,,,,
,https://ror.org/01mmx3p40,,,,,,,replace==https://www.intravacc.nl,,add==intravacc.nl,,,,,,,,,,,,
,https://ror.org/05xknxa42,,,,,,,,,add==beder.edu.al,,,,,,,,,,,,
,https://ror.org/056nqp360,,,,,,,,,add==medaustron.at,,,,,,,,,,,,
,https://ror.org/042yy9v72,,,,,,,replace==https://unitecnar.edu.co,,add==unitecnar.edu.co,,,,,,,,,,,,
,https://ror.org/05bbbm605,,,,,,,replace==https://witi.wroc.pl,,add==witi.wroc.pl,,,,,,,,,,,,
,https://ror.org/0532vdr17,,,,,,,replace==https://www.signify.com/en-us,,add==signify.com,,,,,,,,,,,,
,https://ror.org/05hvsnq92,,,,,,,,,add==naropa.edu,,,,,,,,,,,,
,https://ror.org/00erx8914,,,,,,,replace==https://vniigis.ru,,add==vniigis.ru,,,,,,,,,,,,
,https://ror.org/02y8r3w10,,,,,,,,,add==terraquantum.swiss,,,,,,,,,,,,
,https://ror.org/04s55st49,,,,,,,replace==https://www.tate.org.uk,,add==tate.org.uk,,,,,,,,,,,,
,https://ror.org/04hnqrf16,,,,,,,replace==https://ncpha.government.bg,,add==ncpha.government.bg,,,,,,,,,,,,
,https://ror.org/03eewsq17,,,,,,,,,add==dneg.com,,,,,,,,,,,,
,https://ror.org/03hbved79,,,,,,,replace==https://wspia.eu,,add==wspia.eu,,,,,,,,,,,,
,https://ror.org/03m7rw736,,,,,,,replace==https://www.nlzoh.si,,add==nlzoh.si,,,,,,,,,,,,
,https://ror.org/02j5ney70,,,,,,,replace==https://gdanimalhealth.com,,add==gdanimalhealth.com,,,,,,,,,,,,
,https://ror.org/05fjyn938,,,,,,,,,add==gbif.org,,,,,,,,,,,,
,https://ror.org/008w8py05,,,,,,,,,add==uopeople.edu,,,,,,,,,,,,
,https://ror.org/0042wf948,,,,,,,replace==https://www.holar.is,,add==holar.is,,,,,,,,,,,,
,https://ror.org/041mxqs23,,,,,,,,,add==figshare.com,,,,,,,,,,,,
,https://ror.org/038c55s31,,,,,,,replace==https://dit.ac.tz,,add==dit.ac.tz,,,,,,,,,,,,
,https://ror.org/01fh9nm31,,,,,,,replace==https://cens.am,,add==cens.am,,,,,,,,,,,,
,https://ror.org/008syg534,,,,,,,,,add==unicaribe.edu.do,,,,,,,,,,,,
,https://ror.org/036f1as09,,,,,,,replace==https://ueb.edu.bo,,add==ueb.edu.bo,,,,,,,,,,,,
,https://ror.org/03vw5xy77,,,,,,,replace==https://www.npaihb.org,,add==npaihb.org,,,,,,,,,,,,
,https://ror.org/02pj7we23,,,,,,,,,add==fsa.br,,,,,,,,,,,,
,https://ror.org/00nmq1179,,,,,,,replace==https://ndejjeuniversity.ac.ug,,add==ndejjeuniversity.ac.ug,,,,,,,,,,,,
,https://ror.org/04qct7s53,,,,,,,replace==https://excelsia.edu.au,,add==excelsia.edu.au,,,,,,,,,,,,
,https://ror.org/0530a6n46,,,,,,,,,add==estin.dz,,,,,,,,,,,,
,https://ror.org/04jsebv71,,,,,,,replace==https://ifm.ac.tz,,add==ifm.ac.tz,,,,,,,,,,,,
,https://ror.org/05cndr128,,,,,,,replace==https://www.recendt.at,,add==recendt.at,,,,,,,,,,,,
,https://ror.org/02tms8754,,,,,,,replace==https://www.vzuplzen.cz,,add==vzuplzen.cz,,,,,,,,,,,,
,https://ror.org/00f76ab84,,,,,,,replace==https://www.codexis.com,,add==codexis.com,,,,,,,,,,,,
,https://ror.org/02bvdvz71,,,,,,,replace==https://www.stamford.edu,,add==stamford.edu,,,,,,,,,,,,
,https://ror.org/01n93gn67,,,,,,,,,add==qns.science,,,,,,,,,,,,
,https://ror.org/01ysrp540,,,,,,,replace==https://www.chesterzoo.org,,add==chesterzoo.org,,,,,,,,,,,,
,https://ror.org/0033z1132,,,,,,,replace==https://www.biologists.com,,add==biologists.com,,,,,,,,,,,,
,https://ror.org/04vpsen23,,,,,,,,,add==hs-doepfer.de,,,,,,,,,,,,
,https://ror.org/03azy6w67,,,,,,,replace==https://eihp.hr,,add==eihp.hr,,,,,,,,,,,,
,https://ror.org/05d8xgj52,,,,,,,replace==https://www.payap.ac.th/site,,add==payap.ac.th,,,,,,,,,,,,
,https://ror.org/04nwg1t42,,,,,,,replace==https://www.estp.fr,,add==estp.fr,,,,,,,,,,,,
,https://ror.org/01npb8j56,,,,,,,replace==https://norconsult.com,,add==norconsult.com,,,,,,,,,,,,
,https://ror.org/030tm6614,,,,,,,replace==https://www.ines.ac.rw,,add==ines.ac.rw,,,,,,,,,,,,
,https://ror.org/00tmwya54,,,,,,,replace==https://siwi.org,,add==siwi.org,,,,,,,,,,,,
,https://ror.org/044snnt75,,,,,,,,,add==grandomics.com,,,,,,,,,,,,
,https://ror.org/03mg65n75,,,,,,,replace==https://ggze.nl,,add==ggze.nl,,,,,,,,,,,,
,https://ror.org/05dz27378,,,,,,,replace==https://kartverket.no,,add==kartverket.no,,,,,,,,,,,,
,https://ror.org/01ytcra85,,,,,,,replace==https://arti.edu.az,,add==arti.edu.az,,,,,,,,,,,,
,https://ror.org/05f3efm35,,,,,,,replace==https://www.tulsacc.edu,,add==tulsacc.edu,,,,,,,,,,,,
,https://ror.org/042s6y882,,,,,,,replace==https://inovio.com,,add==inovio.com,,,,,,,,,,,,
,https://ror.org/05q3g7p38,,,,,,,replace==https://phsalzburg.at,,add==phsalzburg.at,,,,,,,,,,,,
,https://ror.org/03pzf1r57,,,,,,,,,add==u-tad.com,,,,,,,,,,,,
,https://ror.org/01x8fkj71,,,,,,,,,add==ngmbio.com,,,,,,,,,,,,
,https://ror.org/02ymr0w73,,,,,,,,,add==urs.edu.ph,,,,,,,,,,,,
,https://ror.org/02ja3st78,,,,,,,,,add==bbg.ac.id,,,,,,,,,,,,
,https://ror.org/00tyja381,,,,,,,replace==https://delval.edu,,add==delval.edu,,,,,,,,,,,,
,https://ror.org/013pbge12,,,,,,,replace==https://www.igo.wroc.pl,,add==igo.wroc.pl,,,,,,,,,,,,
,https://ror.org/04spfxf63,,,,,,,replace==https://argenx.com,,add==argenx.com,,,,,,,,,,,,
,https://ror.org/00x6sm138,,,,,,,replace==https://www.neuralsci.org,,add==neuralsci.org,,,,,,,,,,,,
,https://ror.org/03bf4az94,,,,,,,,,add==aspca.org,,,,,,,,,,,,
,https://ror.org/01gcdtm70,,,,,,,replace==https://www.issep.be,,add==issep.be,,,,,,,,,,,,
,https://ror.org/01y0jpb32,,,,,,,replace==https://www.ttk.ee,,add==ttk.ee,,,,,,,,,,,,
,https://ror.org/04q421571,,,,,,,replace==https://www.biofarma.co.id,,add==biofarma.co.id,,,,,,,,,,,,
,https://ror.org/01z3jep38,,,,,,,,,add==vdz-online.de,,,,,,,,,,,,
,https://ror.org/01ankh713,,,,,,,replace==https://pzvar.sk,,add==pzvar.sk,,,,,,,,,,,,
,https://ror.org/0215n2163,,,,,,,replace==https://radiabeam.com,,add==radiabeam.com,,,,,,,,,,,,
,https://ror.org/03pjs1y45,,,,,,,replace==https://formas.se,,add==formas.se,,,,,,,,,,,,
,https://ror.org/04d52p729,,,,,,,replace==https://www.indianabiosciences.org,,add==indianabiosciences.org,,,,,,,,,,,,
,https://ror.org/04p54bb05,,,,,,,,,add==zambart.org.zm,,,,,,,,,,,,
,https://ror.org/05nqb8479,,,,,,,,,add==quantifyresearch.com,,,,,,,,,,,,
,https://ror.org/057k6gq03,,,,,,,replace==https://cesefor.com,,add==cesefor.com,,,,,,,,,,,,
,https://ror.org/00x6bxz91,,,,,,,replace==https://www.csn.com.br,,add==csn.com.br,,,,,,,,,,,,
,https://ror.org/019hph417,,,,,,,,,add==zema.de,,,,,,,,,,,,
,https://ror.org/01t21ag29,,,,,,,,,add==uoz.edu.ly,,,,,,,,,,,,
,https://ror.org/02jgbpg06,,,,,,,,,add==railenium.eu,,,,,,,,,,,,
,https://ror.org/0202stx84,,,,,,,replace==https://www.holyfamily.edu,,add==holyfamily.edu,,,,,,,,,,,,
,https://ror.org/02vvmw586,,,,,,,replace==https://www.duet.edu.ua/ua,,add==duet.edu.ua,,,,,,,,,,,,
,https://ror.org/02v042q73,,,,,,,replace==https://conservatoriodeltolima.edu.co,,add==conservatoriodeltolima.edu.co,,,,,,,,,,,,
,https://ror.org/003x31543,,,,,,,,,add==ideice.gob.do,,,,,,,,,,,,
,https://ror.org/028s91538,,,,,,,,,add==inm.gov.co,,,,,,,,,,,,
,https://ror.org/04g1c5a53,,,,,,,replace==https://centrale-casablanca.ma,,add==centrale-casablanca.ma,,,,,,,,,,,,
,https://ror.org/0001w1758,,,,,,,,,add==alliade.nl,,,,,,,,,,,,
,https://ror.org/043hpy847,,,,,,,replace==https://ruw.edu.bh,,add==ruw.edu.bh,,,,,,,,,,,,
,https://ror.org/059v8t736,,,,,,,replace==https://sdpi.org,,add==sdpi.org,,,,,,,,,,,,
,https://ror.org/00h974d79,,,,,,,,,add==abs.pt,,,,,,,,,,,,
,https://ror.org/030vkcn94,,,,,,,replace==https://redcross.or.kr/main/main.do,,add==redcross.or.kr,,,,,,,,,,,,
,https://ror.org/02x62qd57,,,,,,,replace==https://usma.ac.pa,,add==usma.ac.pa,,,,,,,,,,,,
,https://ror.org/04yfe8169,,,,,,,replace==https://www.mindray.com/na,,add==mindray.com,,,,,,,,,,,,
,https://ror.org/037hqgd69,,,,,,,replace==https://asb.edu.my,,add==asb.edu.my,,,,,,,,,,,,
,https://ror.org/02xmd8q53,,,,,,,replace==https://www.ncdot.gov/Pages/default.aspx,,add==ncdot.gov,,,,,,,,,,,,
,https://ror.org/00aq42n63,,,,,,,replace==https://www.salem.edu,,add==salem.edu,,,,,,,,,,,,
,https://ror.org/00fdzyk40,,,,,,,replace==https://www.khidi.or.kr,,add==khidi.or.kr,,,,,,,,,,,,
,https://ror.org/04j6k3054,,,,,,,,,add==vsu.by,,,,,,,,,,,,
,https://ror.org/05fb8h434,,,,,,,replace==https://www.isag.pt,,add==isag.pt,,,,,,,,,,,,
,https://ror.org/00n178f58,,,,,,,replace==https://southplainscollege.edu,,add==southplainscollege.edu,,,,,,,,,,,,
,https://ror.org/00vd2h880,,,,,,,replace==https://www.kh-freiburg.de,,add==kh-freiburg.de,,,,,,,,,,,,
,https://ror.org/000vknf06,,,,,,,replace==https://www.filmschool.lodz.pl,,add==filmschool.lodz.pl,,,,,,,,,,,,
,https://ror.org/05cmvgr54,,,,,,,replace==https://burmanu.ca,,add==burmanu.ca,,,,,,,,,,,,
,https://ror.org/0031x3y66,,,,,,,,,add==dainam.edu.vn,,,,,,,,,,,,
,https://ror.org/00kt9hm47,,,,,,,,,add==hensoldt.net,,,,,,,,,,,,
,https://ror.org/00pvwxq76,,,,,,,,,add==dsnlu.ac.in,,,,,,,,,,,,
,https://ror.org/02myn8n47,,,,,,,replace==https://www.vtu.bg,,add==vtu.bg,,,,,,,,,,,,
,https://ror.org/03vdjbj89,,,,,,,replace==https://www.paris-valdeseine.archi.fr/accueil.html,,add==paris-valdeseine.archi.fr,,,,,,,,,,,,
,https://ror.org/00xsnzk20,,,,,,,replace==https://www.shmu.sk,,add==shmu.sk,,,,,,,,,,,,
,https://ror.org/05grd6s28,,,,,,,replace==https://www.seerc.org/new,,add==seerc.org,,,,,,,,,,,,
,https://ror.org/021z3p720,,,,,,,,,add==aiju.es,,,,,,,,,,,,
,https://ror.org/04d0f7957,,,,,,,replace==https://www.aphl.org/Pages/default.aspx,,add==aphl.org,,,,,,,,,,,,
,https://ror.org/042h5qy30,,,,,,,replace==https://iwu.ac.id,,add==iwu.ac.id,,,,,,,,,,,,
,https://ror.org/00q545m27,,,,,,,,,add==campdenbri.co.uk,,,,,,,,,,,,
,https://ror.org/03sfvke56,,,,,,,replace==https://www.kodolanyi.hu,,add==kodolanyi.hu,,,,,,,,,,,,
,https://ror.org/057mqf960,,,,,,,,,add==nkumbauniversity.ac.ug,,,,,,,,,,,,
,https://ror.org/03dscga50,,,,,,,replace==https://www.onb.ac.at,,add==onb.ac.at,,,,,,,,,,,,
,https://ror.org/01wmqvz89,,,,,,,,,add==dfm.dk,,,,,,,,,,,,
,https://ror.org/054hbkf39,,,,,,,replace==https://unicarioca.edu.br,,add==unicarioca.edu.br,,,,,,,,,,,,
,https://ror.org/053p3yv46,,,,,,,replace==https://kazerunsfu.ac.ir,,add==kazerunsfu.ac.ir,,,,,,,,,,,,
,https://ror.org/03tx62s72,,,,,,,,,add==nichols.edu,,,,,,,,,,,,
,https://ror.org/04qd57q23,,,,,,,replace==https://www.ite.es,,add==ite.es,,,,,,,,,,,,
,https://ror.org/03dr5vm44,,,,,,,replace==https://www.uda.edu.ar,,add==uda.edu.ar,,,,,,,,,,,,
,https://ror.org/05tas6715,,,,,,,,,add==nubu.no,,,,,,,,,,,,
,https://ror.org/0302q4d52,,,,,,,replace==https://www.observatory.ph,,add==observatory.ph,,,,,,,,,,,,
,https://ror.org/05yfwg049,,,,,,,replace==https://mwekawildlife.ac.tz/public,,add==mwekawildlife.ac.tz,,,,,,,,,,,,
,https://ror.org/03babyr89,,,,,,,,,add==icpa.ro,,,,,,,,,,,,
,https://ror.org/03gnnzc77,,,,,,,replace==https://iba-heiligenstadt.de,,add==iba-heiligenstadt.de,,,,,,,,,,,,
,https://ror.org/00as6e892,,,,,,,replace==https://qm.org.qa,,add==qm.org.qa,,,,,,,,,,,,
,https://ror.org/0358k0g48,,,,,,,replace==https://www.amuz.krakow.pl,,add==amuz.krakow.pl,,,,,,,,,,,,
,https://ror.org/02gtj3932,,,,,,,replace==https://www.udit.es,,add==udit.es,,,,,,,,,,,,
,https://ror.org/037k3aw68,,,,,,,replace==https://uia.ac.cr,,add==uia.ac.cr,,,,,,,,,,,,
,https://ror.org/05fqva713,,,,,,,replace==https://sanbs.org.za,,add==sanbs.org.za,,,,,,,,,,,,
,https://ror.org/03ghy5256,,,,,,,replace==https://www.uzis.cz,,add==uzis.cz,,,,,,,,,,,,
,https://ror.org/02mqbt594,,,,,,,,,add==hokusei.ac.jp,,,,,,,,,,,,
,https://ror.org/04j1jjs80,,,,,,,replace==https://uits.edu.bd,,add==uits.edu.bd,,,,,,,,,,,,
,https://ror.org/04h7gk919,,,,,,,replace==https://www.alverno.edu,,add==alverno.edu,,,,,,,,,,,,
,https://ror.org/00g8ww875,,,,,,,replace==https://aws-institut.de,,add==aws-institut.de,,,,,,,,,,,,
,https://ror.org/04ekebw10,,,,,,,replace==https://auas.edu.krd/ku,,add==auas.edu.krd,,,,,,,,,,,,
,https://ror.org/050gfgn67,,,,,,,replace==https://www.llti.lt,,add==llti.lt,,,,,,,,,,,,
,https://ror.org/049zqw361,,,,,,,,,add==gurugramuniversity.ac.in,,,,,,,,,,,,
,https://ror.org/01e0hcx30,,,,,,,replace==https://ablbio.com,,add==ablbio.com,,,,,,,,,,,,
,https://ror.org/009nnap37,,,,,,,,,add==iaa.ac.tz,,,,,,,,,,,,
,https://ror.org/041fs4c33,,,,,,,replace==https://www.fwu.edu.np,,add==fwu.edu.np,,,,,,,,,,,,
,https://ror.org/05yj5ep86,,,,,,,replace==https://partium.ro,,add==partium.ro,,,,,,,,,,,,
,https://ror.org/0304t8e63,,,,,,,replace==https://isssp.pt,,add==isssp.pt,,,,,,,,,,,,
,https://ror.org/000e39j32,,,,,,,replace==https://www.ceiia.com,,add==ceiia.com,,,,,,,,,,,,
,https://ror.org/04srpvh96,,,,,,,replace==https://www.cabrillo.edu,,add==cabrillo.edu,,,,,,,,,,,,
,https://ror.org/04my0r533,,,,,,,replace==https://policeuniversity.ac.in,,add==policeuniversity.ac.in,,,,,,,,,,,,
,https://ror.org/022rydv31,,,,,,,,,add==fisheriesireland.ie,,,,,,,,,,,,
,https://ror.org/02evem426,,,,,,,,,add==santamariasaude.pt,,,,,,,,,,,,
,https://ror.org/02s5cdn70,,,,,,,replace==https://www.gsu.ac.zw,,add==gsu.ac.zw,,,,,,,,,,,,
,https://ror.org/039efr729,,,,,,,replace==https://www.ipam.pt,,add==ipam.pt,,,,,,,,,,,,
,https://ror.org/03tecy818,,,,,,,,,add==ache.com.br,,,,,,,,,,,,
,https://ror.org/05jnwy894,,,,,,,,,add==suiit.ac.in,,,,,,,,,,,,
,https://ror.org/020wmv155,,,,,,,replace==https://sinocelltech.com,,add==sinocelltech.com,,,,,,,,,,,,
,https://ror.org/04vb9qy63,,,,,,,replace==https://www.ishikawa-nu.ac.jp,,add==ishikawa-nu.ac.jp,,,,,,,,,,,,
,https://ror.org/02f086s27,,,,,,,,,add==institutobernabeu.com,,,,,,,,,,,,
,https://ror.org/05r1zgk22,,,,,,,,,add==seom.org,,,,,,,,,,,,
,https://ror.org/01t51rc23,,,,,,,replace==https://www.volstate.edu,,add==volstate.edu,,,,,,,,,,,,
,https://ror.org/049ctcj40,,,,,,,,,add==stmi.ac.id,,,,,,,,,,,,
,https://ror.org/053d21744,,,,,,,,,add==esmuc.cat,,,,,,,,,,,,
,https://ror.org/01pmm8272,,,,,,,,,add==uni-seeburg.at,,,,,,,,,,,,
,https://ror.org/05jqhfh02,,,,,,,,,add==beamtx.com,,,,,,,,,,,,
,https://ror.org/03sd43014,,,,,,,,,add==qcif.edu.au,,,,,,,,,,,,
,https://ror.org/0385et328,,,,,,,replace==https://www.r2msolution.com,,add==r2msolution.com,,,,,,,,,,,,
,https://ror.org/02js2n445,,,,,,,replace==https://www.aptima.com,,add==aptima.com,,,,,,,,,,,,
,https://ror.org/026z1v086,,,,,,,replace==https://www.lasell.edu,,add==lasell.edu,,,,,,,,,,,,
,https://ror.org/03jxpjf95,,,,,,,replace==https://dectris.com,,add==dectris.com,,,,,,,,,,,,
,https://ror.org/02sz0wz08,,,,,,,replace==https://hst.org.za/Pages/home.aspx,,add==hst.org.za,,,,,,,,,,,,
,https://ror.org/03p41j374,,,,,,,replace==https://buc.ac.ke,,add==buc.ac.ke,,,,,,,,,,,,
,https://ror.org/01t3f4t10,,,,,,,replace==https://actionaid.org,,add==actionaid.org,,,,,,,,,,,,
,https://ror.org/04bbmzr50,,,,,,,,,add==ideglobal.org,,,,,,,,,,,,
,https://ror.org/03g68pb09,,,,,,,replace==https://www.blinn.edu,,add==blinn.edu,,,,,,,,,,,,
,https://ror.org/030ajjm26,,,,,,,replace==https://www.absa.co.za/personal,,add==absa.co.za,,,,,,,,,,,,
,https://ror.org/04a6sax19,,,,,,,replace==https://afs.edu.gr,,add==afs.edu.gr,,,,,,,,,,,,
,https://ror.org/04j2hh758,,,,,,,,,add==metrumrg.com,,,,,,,,,,,,
,https://ror.org/02m6g7c72,,,,,,,replace==https://lhei.lv,,add==lhei.lv,,,,,,,,,,,,
,https://ror.org/058emmq70,,,,,,,replace==https://kebs.org,,add==kebs.org,,,,,,,,,,,,
,https://ror.org/01rqcwn02,,,,,,,replace==https://lcc.lt,,add==lcc.lt,,,,,,,,,,,,
,https://ror.org/01p9aw348,,,,,,,replace==https://www.suven.com,,add==suven.com,,,,,,,,,,,,
,https://ror.org/04stpnd16,,,,,,,replace==https://icbcluj.ro,,add==icbcluj.ro,,,,,,,,,,,,
,https://ror.org/050pcd452,,,,,,,replace==https://www.kcau.ac.ke,,add==kcau.ac.ke,,,,,,,,,,,,
,https://ror.org/026hkgb56,,,,,,,replace==https://raumberg-gumpenstein.at,,add==raumberg-gumpenstein.at,,,,,,,,,,,,
,https://ror.org/0533vxh11,,,,,,,replace==https://www.risc-software.at,,add==risc-software.at,,,,,,,,,,,,
,https://ror.org/03n4wh382,,,,,,,replace==https://imamaladham.edu.iq,,add==imamaladham.edu.iq,,,,,,,,,,,,
,https://ror.org/00ep9v282,,,,,,,replace==https://schreiner.edu,,add==schreiner.edu,,,,,,,,,,,,
,https://ror.org/03ms7cf36,,,,,,,replace==https://www.tballiance.org,,add==tballiance.org,,,,,,,,,,,,
,https://ror.org/028ahgk39,,,,,,,replace==https://samas.no,,add==samas.no,,,,,,,,,,,,
,https://ror.org/00w8v1794,,,,,,,,,add==esa-mosta.dz,,,,,,,,,,,,
,https://ror.org/05gcxx960,,,,,,,,,add==spuiloilo.edu.ph,,,,,,,,,,,,
,https://ror.org/0404wkz93,,,,,,,replace==https://szm.cz,,add==szm.cz,,,,,,,,,,,,
,https://ror.org/02qr05d85,,,,,,,replace==https://mtmary.edu,,add==mtmary.edu,,,,,,,,,,,,
,https://ror.org/00m6fsq13,,,,,,,,,add==vaagdevi.edu.in,,,,,,,,,,,,
,https://ror.org/03v2jew50,,,,,,,replace==https://xencor.com,,add==xencor.com,,,,,,,,,,,,
,https://ror.org/0131kfw61,,,,,,,,,add==kgumsb.edu.bt,,,,,,,,,,,,
,https://ror.org/03nhjjj32,,,,,,,replace==https://webster.ac.at,,add==webster.ac.at,,,,,,,,,,,,
,https://ror.org/00a4nhr72,,,,,,,replace==https://ukh.edu.vn/vi-vn,,add==ukh.edu.vn,,,,,,,,,,,,
,https://ror.org/01652xx78,,,,,,,replace==https://www.stamtech.com,,add==stamtech.com,,,,,,,,,,,,
,https://ror.org/053p7mr76,,,,,,,replace==https://animalia.no,,add==animalia.no,,,,,,,,,,,,
,https://ror.org/014a87f14,,,,,,,,,add==airi.net,,,,,,,,,,,,
,https://ror.org/00jyb5v21,,,,,,,replace==https://www.ctifacts.com,,add==ctifacts.com,,,,,,,,,,,,
,https://ror.org/05cff1n73,,,,,,,replace==https://www.deboraarango.edu.co/inicio,,add==deboraarango.edu.co,,,,,,,,,,,,
,https://ror.org/03tj9dz52,,,,,,,replace==https://stillman.edu,,add==stillman.edu,,,,,,,,,,,,
,https://ror.org/00qfydg61,,,,,,,,,add==cpd.org.bd,,,,,,,,,,,,
,https://ror.org/02dsdsv34,,,,,,,,,add==hspv.nrw.de,,,,,,,,,,,,
,https://ror.org/04ag58v20,,,,,,,replace==https://hzs.be,,add==hzs.be,,,,,,,,,,,,
,https://ror.org/03p98pb63,,,,,,,replace==https://anthembio.com,,add==anthembio.com,,,,,,,,,,,,
,https://ror.org/02yqt1d54,,,,,,,replace==https://insemex.ro,,add==insemex.ro,,,,,,,,,,,,
,https://ror.org/00bqc1z76,,,,,,,replace==https://caiag.kg,,add==caiag.kg,,,,,,,,,,,,
,https://ror.org/00x6k0023,,,,,,,replace==https://litoral.edu.co/portal,,add==litoral.edu.co,,,,,,,,,,,,
,https://ror.org/04sxpzn67,,,,,,,replace==https://devalt.org,,add==devalt.org,,,,,,,,,,,,
,https://ror.org/00an7pj80,,,,,,,,,add==demant.com,,,,,,,,,,,,
,https://ror.org/01j15gd68,,,,,,,replace==https://www.eriefamilyhealth.org,,add==eriefamilyhealth.org,,,,,,,,,,,,
,https://ror.org/04p6jwd33,,,,,,,replace==https://www.fatetherapeutics.com,,add==fatetherapeutics.com,,,,,,,,,,,,
,https://ror.org/0301tkm88,,,,,,,,,add==heartflow.com,,,,,,,,,,,,
,https://ror.org/01d9xyz57,,,,,,,replace==https://www.paulsmiths.edu,,add==paulsmiths.edu,,,,,,,,,,,,
,https://ror.org/027xvbw13,,,,,,,replace==https://ob-valdoltra.si,,add==ob-valdoltra.si,,,,,,,,,,,,
,https://ror.org/03w3a0h43,,,,,,,replace==https://www.eh-freiburg.de,,add==eh-freiburg.de,,,,,,,,,,,,
,https://ror.org/05cjxt577,,,,,,,replace==https://www.herzog.ac.il,,add==herzog.ac.il,,,,,,,,,,,,
,https://ror.org/01vd34q60,,,,,,,replace==https://portalunimar.unimar.edu.ve,,add==unimar.edu.ve,,,,,,,,,,,,
,https://ror.org/021088259,,,,,,,,,add==seo.nl,,,,,,,,,,,,
,https://ror.org/03161d176,,,,,,,replace==https://www.geotech.cu,,add==geotech.cu,,,,,,,,,,,,
,https://ror.org/03wzc0b85,,,,,,,,,add==nacosti.go.ke,,,,,,,,,,,,
,https://ror.org/03mry3754,,,,,,,replace==https://ukrim.ac.id/index.php,,add==ukrimuniversity.ac.id,,,,,,,,,,,,
,https://ror.org/05xkxz718,,,,,,,replace==https://sun.ac.ug,,add==sun.ac.ug,,,,,,,,,,,,
,https://ror.org/00td4wt22,,,,,,,replace==https://nihk.de,,add==nihk.de,,,,,,,,,,,,
,https://ror.org/01g454487,,,,,,,replace==https://nit.ac.tz,,add==nit.ac.tz,,,,,,,,,,,,
,https://ror.org/03khqdg35,,,,,,,replace==https://uz.edu.ph,,add==uz.edu.ph,,,,,,,,,,,,
,https://ror.org/02dgbcj80,,,,,,,replace==https://www.sbuniv.edu,,add==sbuniv.edu,,,,,,,,,,,,
,https://ror.org/03cgz8503,,,,,,,,,add==wardell-armstrong.com,,,,,,,,,,,,
,https://ror.org/02p0xr181,,,,,,,replace==https://www.cenda.edu.co,,add==cenda.edu.co,,,,,,,,,,,,
,https://ror.org/03vwykn21,,,,,,,replace==https://aros.ac.za,,add==aros.ac.za,,,,,,,,,,,,
,https://ror.org/05bmnqf11,,,,,,,,,add==udavinci.edu.mx,,,,,,,,,,,,
,https://ror.org/0570bna54,,,,,,,replace==https://synelixis.com,,add==synelixis.com,,,,,,,,,,,,
,https://ror.org/00d67eh84,,,,,,,replace==https://clor.waw.pl,,add==clor.waw.pl,,,,,,,,,,,,
,https://ror.org/044rwnt51,,,,,,,,,add==elixir-europe.org,,,,,,,,,,,,
,https://ror.org/053zbv090,,,,,,,replace==https://www.ftpcl.edu.pe,,add==ftpcl.edu.pe,,,,,,,,,,,,
,https://ror.org/046xg8y70,,,,,,,replace==https://ept.edu.sn,,add==ept.sn,,,,,,,,,,,,
,https://ror.org/0141yg674,,,,,,,replace==https://www.gavi.org,,add==gavi.org,,,,,,,,,,,,
,https://ror.org/01c3z9v97,,,,,,,,,add==ghddi.org,,,,,,,,,,,,
,https://ror.org/02jgqwc20,,,,,,,replace==https://icldec.ae,,add==icldc.ae,,,,,,,,,,,,
,https://ror.org/01960yv21,,,,,,,replace==https://critfc.org,,add==critfc.org,,,,,,,,,,,,
,https://ror.org/02zn7mc21,,,,,,,replace==https://mcd.org,,add==mcd.org,,,,,,,,,,,,
,https://ror.org/03w8k6t95,,,,,,,replace==https://www.iph-hannover.de,,add==iph-hannover.de,,,,,,,,,,,,
,https://ror.org/04s68af23,,,,,,,replace==https://greenriver.edu,,add==greenriver.edu,,,,,,,,,,,,
,https://ror.org/01n37vr67,,,,,,,,,add==cnta.es,,,,,,,,,,,,
,https://ror.org/018t8yw14,,,,,,,replace==https://www.hotelschool.nl,,add==hotelschool.nl,,,,,,,,,,,,
,https://ror.org/025zbpk71,,,,,,,,,add==mu.edu.so,,,,,,,,,,,,
,https://ror.org/03gzq6595,,,,,,,replace==https://www.nextworks.it,,add==nextworks.it,,,,,,,,,,,,
,https://ror.org/00nanf268,,,,,,,replace==https://www.naturalremedy.com,,add==naturalremedy.com,,,,,,,,,,,,
,https://ror.org/05hdq6q33,,,,,,,replace==https://www.wua.ac.zw,,add==wua.ac.zw,,,,,,,,,,,,
,https://ror.org/03hg53255,,,,,,,replace==https://www.ices.dk/Pages/default.aspx,,add==ices.dk,,,,,,,,,,,,
,https://ror.org/05x31d492,,,,,,,replace==https://nwciowa.edu,,add==nwciowa.edu,,,,,,,,,,,,
,https://ror.org/05hca2307,,,,,,,replace==https://paris-malaquais.archi.fr,,add==paris-malaquais.archi.fr,,,,,,,,,,,,
,https://ror.org/04bz0e642,,,,,,,replace==https://shbu.ac.ir,,add==shbu.ac.ir,,,,,,,,,,,,
,https://ror.org/04netx779,,,,,,,replace==https://cc-tdi.org,,add==cc-tdi.org,,,,,,,,,,,,
,https://ror.org/00w0nv972,,,,,,,,,add==tktk.ee,,,,,,,,,,,,
,https://ror.org/017n1k193,,,,,,,replace==https://ufe.edu.eg,,add==ufe.edu.eg,,,,,,,,,,,,
,https://ror.org/02r7t0d73,,,,,,,replace==https://www.uajms.edu.bo,,add==uajms.edu.bo,,,,,,,,,,,,
,https://ror.org/03fvzd757,,,,,,,replace==https://www.blackpool.ac.uk,,add==blackpool.ac.uk,,,,,,,,,,,,
,https://ror.org/00nxhsa79,,,,,,,,,add==unifeob.edu.br,,,,,,,,,,,,
,https://ror.org/03cjabw52,,,,,,,replace==https://unibac.edu.co/webnueva,,add==unibac.edu.co,,,,,,,,,,,,
,https://ror.org/03z26a547,,,,,,,replace==https://www.whitman-walker.org,,add==whitman-walker.org,,,,,,,,,,,,
,https://ror.org/02h97hh92,,,,,,,,,add==cavendish.ac.ug,,,,,,,,,,,,
,https://ror.org/037n1zn57,,,,,,,replace==https://csp-inc.org,,add==csp-inc.org,,,,,,,,,,,,
,https://ror.org/02fwtv659,,,,,,,,,add==herzing.edu,,,,,,,,,,,,
,https://ror.org/00xas1432,,,,,,,replace==https://www.mildmay.or.ug,,add==mildmay.or.ug,,,,,,,,,,,,
,https://ror.org/042dk0329,,,,,,,replace==https://nouscom.com,,add==nouscom.com,,,,,,,,,,,,
,https://ror.org/02wwpj676,,,,,,,replace==https://phc.org.ua,,add==phc.org.ua,,,,,,,,,,,,
,https://ror.org/02qjn6j31,,,,,,,replace==http://iaknambon.ac.id,,add==iaknambon.ac.id,,,,,,,,,,,,
,https://ror.org/026nfkh32,,,,,,,replace==https://www.modum-bad.no,,add==modum-bad.no,,,,,,,,,,,,
,https://ror.org/022n30916,,,,,,,replace==https://eprcug.org,,add==eprcug.org,,,,,,,,,,,,
,https://ror.org/03z0jrc25,,,,,,,replace==https://www.kracie.co.jp,,add==kracie.co.jp,,,,,,,,,,,,
,https://ror.org/0514bm407,,,,,,,replace==https://www.euro.centre.org,,add==euro.centre.org,,,,,,,,,,,,
,https://ror.org/04danrt76,,,,,,,,,add==earthscope.org,,,,,,,,,,,,
,https://ror.org/00vhgwv19,,,,,,,replace==https://www.met.ie,,add==met.ie,,,,,,,,,,,,
,https://ror.org/05k879m03,,,,,,,,,add==nurixtx.com,,,,,,,,,,,,
,https://ror.org/01k89ak47,,,,,,,replace==https://www.cgna.cl,,add==cgna.cl,,,,,,,,,,,,
,https://ror.org/02aqtvv10,,,,,,,,,add==ebris.eu,,,,,,,,,,,,
,https://ror.org/041g5fr04,,,,,,,replace==https://ggnet.nl,,add==ggnet.nl,,,,,,,,,,,,
,https://ror.org/00ra63c74,,,,,,,replace==https://www.cht.nc,,add==cht.nc,,,,,,,,,,,,
,https://ror.org/058kdrc56,,,,,,,replace==https://ncrrp.org/bg/ncrrz-nachalo,,add==ncrrp.org,,,,,,,,,,,,
,https://ror.org/03h82yz49,,,,,,,replace==https://www.khm.at,,add==khm.at,,,,,,,,,,,,
,https://ror.org/022wmtv37,,,,,,,,,add==crandallu.ca,,,,,,,,,,,,
,https://ror.org/05mq5yf88,,,,,,,replace==https://hnlu.ac.in,,add==hnlu.ac.in,,,,,,,,,,,,
,https://ror.org/01qv7e222,,,,,,,replace==https://www.upra.org,,add==upra.org,,,,,,,,,,,,
,https://ror.org/05tt0as29,,,,,,,replace==https://www.tohto.ac.jp,,add==tohto.ac.jp,,,,,,,,,,,,
,https://ror.org/02rcm3a66,,,,,,,,,add==nara.ac.lk,,,,,,,,,,,,
,https://ror.org/01d6ka036,,,,,,,replace==https://tuseb.gov.tr,,add==tuseb.gov.tr,,,,,,,,,,,,
,https://ror.org/05s43gd64,,,,,,,replace==https://www.bbeu.org,,add==bbeu.org,,,,,,,,,,,,
,https://ror.org/04mw1hy69,,,,,,,replace==https://wpu.edu.sy,,add==wpu.edu.sy,,,,,,,,,,,,
,https://ror.org/02qynyz82,,,,,,,replace==https://apc.edu.ph,,add==apc.edu.ph,,,,,,,,,,,,
,https://ror.org/00qaje814,,,,,,,,,add==sseriga.edu,,,,,,,,,,,,
,https://ror.org/05r42kg44,,,,,,,,,add==vda.lt,,,,,,,,,,,,
,https://ror.org/00mea5h89,,,,,,,,,add==fukushima-nct.ac.jp,,,,,,,,,,,,
,https://ror.org/054gqc795,,,,,,,,,add==cyber.ee,,,,,,,,,,,,
,https://ror.org/046bfkz44,,,,,,,,,add==cefriel.com,,,,,,,,,,,,
,https://ror.org/044n8q784,,,,,,,replace==https://ccac.edu,,add==ccac.edu,,,,,,,,,,,,
,https://ror.org/03g8y8161,,,,,,,replace==https://www.galois.com,,add==galois.com,,,,,,,,,,,,
,https://ror.org/04tsjk726,,,,,,,replace==https://rijndam.nl,,add==rijndam.nl,,,,,,,,,,,,
,https://ror.org/00zayq578,,,,,,,replace==https://www.abk-stuttgart.de,,add==abk-stuttgart.de,,,,,,,,,,,,
,https://ror.org/05ymt3c12,,,,,,,,,add==aveva.com,,,,,,,,,,,,
,https://ror.org/00pmgap74,,,,,,,,,add==dabur.com,,,,,,,,,,,,
,https://ror.org/014x7mf51,,,,,,,,,add==bgci.org,,,,,,,,,,,,
,https://ror.org/05aghjq44,,,,,,,replace==https://cincinnatizoo.org,,add==cincinnatizoo.org,,,,,,,,,,,,
,https://ror.org/05bkwxs60,,,,,,,replace==https://coloradomtn.edu,,add==coloradomtn.edu,,,,,,,,,,,,
,https://ror.org/00r9wsd64,,,,,,,replace==https://www.fscj.edu,,add==fscj.edu,,,,,,,,,,,,
,https://ror.org/052kwn289,,,,,,,replace==https://avantium.com,,add==avantium.com,,,,,,,,,,,,
,https://ror.org/0505c0p37,,,,,,,replace==https://www.icometrix.com,,add==icometrix.com,,,,,,,,,,,,
,https://ror.org/01ha10g31,,,,,,,,,add==cyric.eu,,,,,,,,,,,,
,https://ror.org/02gb7bb36,,,,,,,,,add==sjcme.edu,,,,,,,,,,,,
,https://ror.org/02grxeb87,,,,,,,replace==https://www.grida.no,,add==grida.no,,,,,,,,,,,,
,https://ror.org/052ndvg69,,,,,,,replace==https://iiitmanipur.ac.in,,add==iiitmanipur.ac.in,,,,,,,,,,,,
,https://ror.org/00186jw56,,,,,,,replace==https://www.nwhealth.edu,,add==nwhealth.edu,,,,,,,,,,,,
,https://ror.org/03xwv0k70,,,,,,,replace==https://www.imo.es,,add==imo.es,,,,,,,,,,,,
,https://ror.org/00dgyys91,,,,,,,replace==https://qmic.com,,add==qmic.com,,,,,,,,,,,,
,https://ror.org/05dj22k02,,,,,,,,,add==lukenyauniversity.ac.ke,,,,,,,,,,,,
,https://ror.org/05sj5yq92,,,,,,,replace==https://www.ideas42.org,,add==ideas42.org,,,,,,,,,,,,
,https://ror.org/05fmr5p93,,,,,,,replace==https://www.membrain.cz,,add==membrain.cz,,,,,,,,,,,,
,https://ror.org/01t9de358,,,,,,,replace==https://rocky.edu,,add==rocky.edu,,,,,,,,,,,,
,https://ror.org/01pnctq19,,,,,,,replace==https://iite.ac.in,,add==iite.ac.in,,,,,,,,,,,,
,https://ror.org/034gkfh25,,,,,,,replace==https://www.intaspharma.com,,add==intaspharma.com,,,,,,,,,,,,
,https://ror.org/03r1ch818,,,,,,,replace==https://www.indianatech.edu,,add==indianatech.edu,,,,,,,,,,,,
,https://ror.org/011ydgp35,,,,,,,replace==https://otgontenger.edu.mn,,add==otgontenger.edu.mn,,,,,,,,,,,,
,https://ror.org/020mgne32,,,,,,,replace==https://www.ncc.se,,add==ncc.se,,,,,,,,,,,,
,https://ror.org/031vecd37,,,,,,,replace==https://iscet.pt,,add==iscet.pt,,,,,,,,,,,,
,https://ror.org/00x5wnx94,,,,,,,replace==https://www.icmpd.org,,add==icmpd.org,,,,,,,,,,,,
,https://ror.org/0093rkw25,,,,,,,,,add==ruj-bsdu.in,,,,,,,,,,,,
,https://ror.org/054vvj456,,,,,,,replace==https://st-aug.edu,,add==st-aug.edu,,,,,,,,,,,,
,https://ror.org/05x358x43,,,,,,,replace==https://www.sofia.edu,,add==sofia.edu,,,,,,,,,,,,
,https://ror.org/00jw56w10,,,,,,,,,add==slingeland.nl,,,,,,,,,,,,
,https://ror.org/03xvmxn09,,,,,,,replace==https://www.northernhealth.ca,,add==northernhealth.ca,,,,,,,,,,,,
,https://ror.org/01qdk5035,,,,,,,replace==https://thewhiteleyclinic.co.uk,,add==thewhiteleyclinic.co.uk,,,,,,,,,,,,
,https://ror.org/03gbh6z06,,,,,,,,,add==kndise.gov.ua,,,,,,,,,,,,
,https://ror.org/03d2mp652,,,,,,,replace==https://tmei.ru,,add==tmei.ru,,,,,,,,,,,,
,https://ror.org/013qt8483,,,,,,,replace==https://ozarks.edu,,add==ozarks.edu,,,,,,,,,,,,
,https://ror.org/019ze4c92,,,,,,,replace==https://upz.edu.mx,,add==upz.edu.mx,,,,,,,,,,,,
,https://ror.org/03w43f812,,,,,,,replace==https://www.olea-medical.com,,add==olea-medical.com,,,,,,,,,,,,
,https://ror.org/03cb4jc22,,,,,,,replace==https://www.scivp.lviv.ua,,add==scivp.lviv.ua,,,,,,,,,,,,
,https://ror.org/00ded8656,,,,,,,,,add==pinerest.org,,,,,,,,,,,,
,https://ror.org/047a24r47,,,,,,,,,add==umg.edu.gt,,,,,,,,,,,,
,https://ror.org/014xjce10,,,,,,,replace==https://utesur.edu.do,,add==utesur.edu.do,,,,,,,,,,,,
,https://ror.org/00meyfe69,,,,,,,replace==https://upal.edu.pe,,add==upal.edu.pe,,,,,,,,,,,,
,https://ror.org/05swdaw77,,,,,,,replace==https://urcrm.ru,,add==urcrm.ru,,,,,,,,,,,,
,https://ror.org/05xybd718,,,,,,,,,add==sutrobio.com,,,,,,,,,,,,
,https://ror.org/0505vtn61,,,,,,,,,add==baydaauniv.net,,,,,,,,,,,,
,https://ror.org/011d6dm60,,,,,,,replace==https://ium.edu.na,,add==ium.edu.na,,,,,,,,,,,,
,https://ror.org/01zbg3a43,,,,,,,replace==https://wip-munich.de,,add==wip-munich.de,,,,,,,,,,,,
,https://ror.org/049yd2834,,,,,,,replace==https://www.bococ.org.cy,,add==bococ.org.cy,,,,,,,,,,,,
,https://ror.org/02kw1ws04,,,,,,,replace==https://www.bigai.ai/wp-signup.php?new=bigai.ai,,add==bigai.ai,,,,,,,,,,,,
,https://ror.org/054zyxm40,,,,,,,replace==https://www.uirs.si/sl-si,,add==uirs.si,,,,,,,,,,,,
,https://ror.org/008754496,,,,,,,,,add==rku.ac.jp,,,,,,,,,,,,
,https://ror.org/05y2g7215,,,,,,,replace==https://www.zeon.co.jp,,add==zeon.co.jp,,,,,,,,,,,,
,https://ror.org/01axw0s80,,,,,,,replace==https://www.vuzt.cz,,add==vuzt.cz,,,,,,,,,,,,
,https://ror.org/04ftcn206,,,,,,,replace==https://firstlightfusion.com,,add==firstlightfusion.com,,,,,,,,,,,,
,https://ror.org/05mk27574,,,,,,,replace==https://adimab.com,,add==adimab.com,,,,,,,,,,,,
,https://ror.org/05nfbnp91,,,,,,,replace==https://actvn.edu.vn,,add==actvn.edu.vn,,,,,,,,,,,,
,https://ror.org/03vwty161,,,,,,,replace==https://ebaseafrica.org,,add==ebaseafrica.org,,,,,,,,,,,,
,https://ror.org/038gwk587,,,,,,,replace==https://centerstone.org,,add==centerstone.org,,,,,,,,,,,,
,https://ror.org/05dfgqr03,,,,,,,replace==https://www.altamed.org,,add==altamed.org,,,,,,,,,,,,
,https://ror.org/00swp5c87,,,,,,,replace==https://gynuity.org,,add==gynuity.org,,,,,,,,,,,,
,https://ror.org/0425rjj21,,,,,,,replace==https://www.afahc.ro,,add==afahc.ro,,,,,,,,,,,,
,https://ror.org/03d4ztk89,,,,,,,replace==https://www.corbion.com,,add==corbion.com,,,,,,,,,,,,
,https://ror.org/0330w1668,,,,,,,,,add==montreat.edu,,,,,,,,,,,,
,https://ror.org/00z3zzh92,,,,,,,replace==https://www.iliff.edu,,add==iliff.edu,,,,,,,,,,,,
,https://ror.org/034thfr92,,,,,,,replace==https://www.hav.fo,,add==hav.fo,,,,,,,,,,,,
,https://ror.org/0367eqd42,,,,,,,,,add==icap.ac.cr,,,,,,,,,,,,
,https://ror.org/01fcbp662,,,,,,,,,add==ici-berlin.org,,,,,,,,,,,,
,https://ror.org/05xptf671,,,,,,,replace==https://ksi-sensors.de,,add==ksi-meinsberg.de,,,,,,,,,,,,
,https://ror.org/02pk2er67,,,,,,,,,add==oceana.org,,,,,,,,,,,,
,https://ror.org/01cgrd369,,,,,,,,,add==kodiak.com,,,,,,,,,,,,
,https://ror.org/03y95vf10,,,,,,,replace==https://nlr.ru,,add==nlr.ru,,,,,,,,,,,,
,https://ror.org/00mn8c655,,,,,,,replace==https://open.ac.mu,,add==open.ac.mu,,,,,,,,,,,,
,https://ror.org/0499qn039,,,,,,,replace==http://lari.gov.lb,,add==lari.gov.lb,,,,,,,,,,,,
,https://ror.org/02c191v59,,,,,,,replace==https://orpheusinstituut.be,,add==orpheusinstituut.be,,,,,,,,,,,,
,https://ror.org/02rnyzs79,,,,,,,replace==https://www.natureserve.org,,add==natureserve.org,,,,,,,,,,,,
,https://ror.org/05mm0yq33,,,,,,,replace==https://silentspring.org,,add==silentspring.org,,,,,,,,,,,,
,https://ror.org/01x84xc38,,,,,,,replace==https://www.sankt-georgen.de,,add==sankt-georgen.de,,,,,,,,,,,,
,https://ror.org/05kefp559,,,,,,,replace==https://www.niagarahealth.on.ca/site/home,,add==niagarahealth.on.ca,,,,,,,,,,,,
,https://ror.org/007aah170,,,,,,,replace==https://highline.edu,,add==highline.edu,,,,,,,,,,,,
,https://ror.org/003mte806,,,,,,,replace==https://isal.pt,,add==isal.pt,,,,,,,,,,,,
,https://ror.org/04tp3cz81,,,,,,,,,add==iddo.org,,,,,,,,,,,,
,https://ror.org/04f1srs73,,,,,,,,,add==oxfordenergy.org,,,,,,,,,,,,
,https://ror.org/0568jvs10,,,,,,,replace==https://sphinx.edu.eg/en/home/index,,add==sphinx.edu.eg,,,,,,,,,,,,
,https://ror.org/000bvba82,,,,,,,replace==http://www.biomarker.com.cn,,add==biomarker.com.cn,,,,,,,,,,,,
,https://ror.org/04kzeme37,,,,,,,replace==http://www.sarao.ac.za/about/hartrao,,add==hartrao.ac.za,,,,,,,,,,,,
,https://ror.org/00k5ek978,,,,,,,replace==https://smartfactory.de,,add==smartfactory.de,,,,,,,,,,,,
,https://ror.org/05m866204,,,,,,,,,add==iquadrat.com,,,,,,,,,,,,
,https://ror.org/016jjeg55,,,,,,,replace==https://lanzatech.com,,add==lanzatech.com,,,,,,,,,,,,
,https://ror.org/04jtjk342,,,,,,,replace==https://generalfusion.com,,add==generalfusion.com,,,,,,,,,,,,
,https://ror.org/029t2gr02,,,,,,,replace==https://xenon-pharma.com,,add==xenon-pharma.com,,,,,,,,,,,,
,https://ror.org/02jn8gs50,,,,,,,,,add==abp.org.br,,,,,,,,,,,,
,https://ror.org/015py4711,,,,,,,replace==https://anfaco.es,,add==anfaco.es,,,,,,,,,,,,
,https://ror.org/00wydxq38,,,,,,,replace==https://apdp.pt,,add==apdp.pt,,,,,,,,,,,,
,https://ror.org/03paye555,,,,,,,,,add==avalonu.org,,,,,,,,,,,,
,https://ror.org/04sdd2113,,,,,,,replace==https://stin.hr,,add==stin.hr,,,,,,,,,,,,
,https://ror.org/04nsfpy51,,,,,,,replace==https://www.stadt-koeln.de,,add==stadt-koeln.de,,,,,,,,,,,,
,https://ror.org/02260en58,,,,,,,replace==https://belek.edu.tr,,add==belek.edu.tr,,,,,,,,,,,,
,https://ror.org/047tgv290,,,,,,,replace==https://lib.pacuniversity.ac.ke,,add==pacuniversity.ac.ke,,,,,,,,,,,,
,https://ror.org/0156zyn36,,,,,,,replace==https://www.calmi2.org,,add==calmi2.org,,,,,,,,,,,,
,https://ror.org/023b5a626,,,,,,,,,add==organojudicial.gob.pa,,,,,,,,,,,,
,https://ror.org/04mh6t995,,,,,,,,,add==caf.com,,,,,,,,,,,,
,https://ror.org/03fs0qz59,,,,,,,replace==https://turksat.com.tr,,add==turksat.com.tr,,,,,,,,,,,,
,https://ror.org/03qngxd77,,,,,,,replace==https://tecnologicadeloriente.edu.co,,add==tecnologicadeloriente.edu.co,,,,,,,,,,,,
,https://ror.org/03meb8t18,,,,,,,replace==https://www.catec.aero,,add==catec.aero,,,,,,,,,,,,
,https://ror.org/05pczjj75,,,,,,,,,add==infarmed.pt,,,,,,,,,,,,
,https://ror.org/05j5rbv93,,,,,,,,,add==foghorntx.com,,,,,,,,,,,,
,https://ror.org/02631q704,,,,,,,replace==https://www.esith.ac.ma,,add==esith.ac.ma,,,,,,,,,,,,
,https://ror.org/03qhfrv73,,,,,,,,,add==fceiwo.edu.ng,,,,,,,,,,,,
,https://ror.org/02b9h9j24,,,,,,,replace==https://ggzbreburg.nl,,add==ggzbreburg.nl,,,,,,,,,,,,
,https://ror.org/04s04em45,,,,,,,replace==https://defiance.edu,,add==defiance.edu,,,,,,,,,,,,
,https://ror.org/011n0hq04,,,,,,,replace==https://emulatebio.com,,add==emulatebio.com,,,,,,,,,,,,
,https://ror.org/043zbt471,,,,,,,replace==https://dtc.ac.th,,add==dtc.ac.th,,,,,,,,,,,,
,https://ror.org/0408mbg90,,,,,,,replace==https://www.electrochem.org,,add==electrochem.org,,,,,,,,,,,,
,https://ror.org/05pvs7q85,,,,,,,replace==https://www.epicura.be,,add==epicura.be,,,,,,,,,,,,
,https://ror.org/016jp5513,,,,,,,replace==https://zcm.cz,,add==zcm.cz,,,,,,,,,,,,
,https://ror.org/042v5ej15,,,,,,,replace==https://halmed.hr,,add==halmed.hr,,,,,,,,,,,,
,https://ror.org/01herdm14,,,,,,,replace==https://www.marianuniversity.edu,,add==marianuniversity.edu,,,,,,,,,,,,
,https://ror.org/00t6sz979,,,,,,,replace==https://www.medsir.org,,add==medsir.org,,,,,,,,,,,,
,https://ror.org/024jrkp82,,,,,,,,,add==hdfgroup.org,,,,,,,,,,,,
,https://ror.org/01y07bp24,,,,,,,replace==https://www.bfi.de,,add==bfi.de,,,,,,,,,,,,
,https://ror.org/02wgnr390,,,,,,,replace==https://www.iuline.it,,add==iuline.it,,,,,,,,,,,,
,https://ror.org/0038zh709,,,,,,,replace==https://www.cvbf.net,,add==cvbf.net,,,,,,,,,,,,
,https://ror.org/04vgq9s06,,,,,,,,,add==norsok.no,,,,,,,,,,,,
,https://ror.org/00gfv6v51,,,,,,,replace==https://www.nou.sk,,add==nou.sk,,,,,,,,,,,,
,https://ror.org/02b1vt080,,,,,,,,,add==gcekjr.ac.in,,,,,,,,,,,,
,https://ror.org/035epx642,,,,,,,,,add==sandamaso.es,,,,,,,,,,,,
,https://ror.org/041pfpb15,,,,,,,replace==https://www.raa.se,,add==raa.se,,,,,,,,,,,,
,https://ror.org/00x817z51,,,,,,,replace==https://sas.org.in,,add==sas.org.in,,,,,,,,,,,,
,https://ror.org/041hzs681,,,,,,,replace==https://www.cnue.ac.kr/portal/index.do,,add==cnue.ac.kr,,,,,,,,,,,,
,https://ror.org/05jnv7j09,,,,,,,replace==https://mbakerintl.com,,add==mbakerintl.com,,,,,,,,,,,,
,https://ror.org/03nkpbf76,,,,,,,,,add==ntc.net.np,,,,,,,,,,,,
,https://ror.org/05yhpvt92,,,,,,,replace==https://www.ihacares.com,,add==ihacares.com,,,,,,,,,,,,
,https://ror.org/020bcb226,,,,,,,,,add==oakton.edu,,,,,,,,,,,,
,https://ror.org/002hq8b42,,,,,,,replace==https://ucal.edu.pe,,add==ucal.edu.pe,,,,,,,,,,,,
,https://ror.org/04606qq63,,,,,,,replace==https://unev.edu.do,,add==unev.edu.do,,,,,,,,,,,,
,https://ror.org/027184q35,,,,,,,replace==https://sotio.com,,add==sotio.com,,,,,,,,,,,,
,https://ror.org/059w8f876,,,,,,,,,add==unik.ac.ug,,,,,,,,,,,,
,https://ror.org/01tjrd904,,,,,,,,,add==regione.fvg.it,,,,,,,,,,,,
,https://ror.org/04h9yzf84,,,,,,,replace==https://www.werfen.com,,add==werfen.com,,,,,,,,,,,,
,https://ror.org/013aqa754,,,,,,,replace==https://tnou.ac.in,,add==tnou.ac.in,,,,,,,,,,,,
,https://ror.org/04eb71689,,,,,,,,,add==pathai.com,,,,,,,,,,,,
,https://ror.org/017yczc37,,,,,,,replace==https://sfhnigeria.org,,add==sfhnigeria.org,,,,,,,,,,,,
,https://ror.org/057bq1s94,,,,,,,replace==https://www.fullcoll.edu,,add==fullcoll.edu,,,,,,,,,,,,
,https://ror.org/04shrgb80,,,,,,,replace==https://www.allencollege.edu,,add==allencollege.edu,,,,,,,,,,,,
,https://ror.org/03jz5v392,,,,,,,replace==https://agritec.cz,,add==agritec.cz,,,,,,,,,,,,
,https://ror.org/03gkdzy47,,,,,,,replace==https://ccf.brussels/wp-signup.php?new=spfb.brussels,,add==spfb.brussels,,,,,,,,,,,,
,https://ror.org/00qh6jg85,,,,,,,replace==https://ahlihospital.com,,add==ahlihospital.com,,,,,,,,,,,,
,https://ror.org/004s94c80,,,,,,,replace==https://biocant.pt,,add==biocant.pt,,,,,,,,,,,,
,https://ror.org/0322dgg87,,,,,,,replace==https://auce.edu.lb,,add==auce.edu.lb,,,,,,,,,,,,
,https://ror.org/02thjp576,,,,,,,replace==https://www.escire.es,,add==escire.lat,,,,,,,,,,,,
,https://ror.org/00pwncn89,,,,,,,replace==https://www.bbmri-eric.eu,,add==bbmri-eric.eu,,,,,,,,,,,,
,https://ror.org/01nfeyj87,,,,,,,,,add==cornerstone.edu,,,,,,,,,,,,
,https://ror.org/02z480994,,,,,,,replace==https://www.benevolent.com,,add==benevolent.ai,,,,,,,,,,,,
,https://ror.org/03wcj2062,,,,,,,replace==https://ardelyx.com,,add==ardelyx.com,,,,,,,,,,,,
,https://ror.org/051t33546,,,,,,,replace==https://adpc.net/ver25,,add==adpc.net,,,,,,,,,,,,
,https://ror.org/009erme80,,,,,,,replace==https://art.edu.ge,,add==art.edu.ge,,,,,,,,,,,,
,https://ror.org/00j4as432,,,,,,,replace==https://edu.gov.qa,,add==edu.gov.qa,,,,,,,,,,,,
,https://ror.org/0069psd02,,,,,,,,,add==ewspa.edu.pl,,,,,,,,,,,,
,https://ror.org/014dtj905,,,,,,,replace==https://www.pedagogica.edu.sv,,add==pedagogica.edu.sv,,,,,,,,,,,,
,https://ror.org/017b91861,,,,,,,replace==https://www.golgicenci.it,,add==golgicenci.it,,,,,,,,,,,,
,https://ror.org/008sqe405,,,,,,,replace==https://bolnica-srebrnjak.hr/index.php,,add==bolnica-srebrnjak.hr,,,,,,,,,,,,
,https://ror.org/021r2cx19,,,,,,,replace==https://groupe-espi.fr,,add==groupe-espi.fr,,,,,,,,,,,,
,https://ror.org/03mkzcg89,,,,,,,replace==https://hamdarduniversity.edu.bd,,add==hamdarduniversity.edu.bd,,,,,,,,,,,,
,https://ror.org/03d0yjb51,,,,,,,,,add==ist-hochschule.de,,,,,,,,,,,,
,https://ror.org/04jx7z940,,,,,,,replace==https://institut-cacak.org,,add==institut-cacak.org,,,,,,,,,,,,
,https://ror.org/01brm2x11,,,,,,,,,add==diakovere.de,,,,,,,,,,,,
,https://ror.org/057w2sx61,,,,,,,replace==https://www.geolsoc.org.uk,,add==geolsoc.org.uk,,,,,,,,,,,,
,https://ror.org/03y0sm881,,,,,,,replace==https://www.haigazian.edu.lb,,add==haigazian.edu.lb,,,,,,,,,,,,
,https://ror.org/05pvaka44,,,,,,,replace==https://lccc.wy.edu,,add==lccc.wy.edu,,,,,,,,,,,,
,https://ror.org/03t40cz74,,,,,,,replace==https://www.hypres.com,,add==hypres.com,,,,,,,,,,,,
,https://ror.org/03pmgn266,,,,,,,replace==https://www.fuds.si,,add==fuds.si,,,,,,,,,,,,
,https://ror.org/00af1mn38,,,,,,,replace==https://www.era-arqueologia.pt,,add==era-arqueologia.pt,,,,,,,,,,,,
,https://ror.org/03yjyed28,,,,,,,,,add==karlshochschule.de,,,,,,,,,,,,
,https://ror.org/02pn9ep17,,,,,,,replace==https://www.anselmianum.com,,add==anselmianum.com,,,,,,,,,,,,
,https://ror.org/04z5c1995,,,,,,,replace==https://www.montecatone.com,,add==montecatone.com,,,,,,,,,,,,
,https://ror.org/03djmvy73,,,,,,,replace==https://mitu.or.tz,,add==mitu.or.tz,,,,,,,,,,,,
,https://ror.org/0325s8d52,,,,,,,replace==https://www.mulierinstituut.nl,,add==mulierinstituut.nl,,,,,,,,,,,,
,https://ror.org/0094yxj20,,,,,,,replace==https://www.nasn.org/home,,add==nasn.org,,,,,,,,,,,,
,https://ror.org/02ad32n85,,,,,,,replace==https://www.klassik-stiftung.de,,add==klassik-stiftung.de,,,,,,,,,,,,
,https://ror.org/05x5psy30,,,,,,,replace==https://www.niime.ru,,add==niime.ru,,,,,,,,,,,,
,https://ror.org/05qzrbt52,,,,,,,replace==https://nowa.muzarp.poznan.pl,,add==muzarp.poznan.pl,,,,,,,,,,,,
,https://ror.org/010fzp376,,,,,,,replace==https://www.nanion.de,,add==nanion.de,,,,,,,,,,,,
,https://ror.org/020mpkg22,,,,,,,,,add==krus.no,,,,,,,,,,,,
,https://ror.org/0228dbh09,,,,,,,replace==https://www.orfonline.org,,add==orfonline.org,,,,,,,,,,,,
,https://ror.org/04nm4bw06,,,,,,,,,add==lumentum.com,,,,,,,,,,,,
,https://ror.org/031zhc582,,,,,,,,,add==palcomtech.ac.id,,,,,,,,,,,,
,https://ror.org/02vtk3a57,,,,,,,,,add==lygature.org,,,,,,,,,,,,
,https://ror.org/02cj8qz82,,,,,,,replace==https://www.methodistcollege.edu,,add==methodistcollege.edu,,,,,,,,,,,,
,https://ror.org/016r5vm61,,,,,,,,,add==megu.edu.ua,,,,,,,,,,,,
,https://ror.org/04gk6ks26,,,,,,,,,add==mondriaan.eu,,,,,,,,,,,,
,https://ror.org/03n6dw312,,,,,,,replace==https://www.skz.de,,add==skz.de,,,,,,,,,,,,
,https://ror.org/04gsnvb07,,,,,,,replace==https://www.thorlabs.com,,add==thorlabs.com,,,,,,,,,,,,
,https://ror.org/04rwzz867,,,,,,,replace==https://www.sokb.ru,,add==sokb.ru,,,,,,,,,,,,
,https://ror.org/02meh8z92,,,,,,,replace==https://www.stavanger.kommune.no,,add==stavanger.kommune.no,,,,,,,,,,,,
,https://ror.org/035j3m047,,,,,,,replace==https://nysci.org,,add==nysci.org,,,,,,,,,,,,
,https://ror.org/04jhcmb20,,,,,,,replace==https://www.kumagaku.ac.jp,,add==kumagaku.ac.jp,,,,,,,,,,,,
,https://ror.org/00kewyc44,,,,,,,replace==https://praj.net,,add==praj.net,,,,,,,,,,,,
,https://ror.org/03mcw5r69,,,,,,,replace==https://www.sebts.edu,,add==sebts.edu,,,,,,,,,,,,
,https://ror.org/04sy3cj85,,,,,,,replace==https://www.snm.sk,,add==snm.sk,,,,,,,,,,,,
,https://ror.org/053z9p797,,,,,,,,,add==tritdi.org,,,,,,,,,,,,
,https://ror.org/03jftj094,,,,,,,,,add==yulius.nl,,,,,,,,,,,,
,https://ror.org/03x874836,,,,,,,,,add==tsuru.ac.jp,,,,,,,,,,,,
,https://ror.org/04mnc5f76,,,,,,,replace==https://amsamoa.edu,,add==amsamoa.edu,,,,,,,,,,,,
,https://ror.org/01z71je29,,,,,,,replace==https://ampelbiosolutions.com,,add==ampelbiosolutions.com,,,,,,,,,,,,
,https://ror.org/05j2c6r36,,,,,,,replace==https://vts.edu,,add==vts.edu,,,,,,,,,,,,
,https://ror.org/01are4896,,,,,,,replace==https://www.vanleer.org.il,,add==vanleer.org.il,,,,,,,,,,,,
,https://ror.org/0289e7d92,,,,,,,replace==https://brrc.be,,add==brrc.be,,,,,,,,,,,,
,https://ror.org/055923009,,,,,,,replace==https://celldex.com,,add==celldex.com,,,,,,,,,,,,
,https://ror.org/05tg4dc47,,,,,,,replace==https://wysscenter.ch,,add==wysscenter.ch,,,,,,,,,,,,
,https://ror.org/01bhz3v89,,,,,,,,,add==biofokus.no,,,,,,,,,,,,
,https://ror.org/02es2jq57,,,,,,,,,add==cegepmontpetit.ca,,,,,,,,,,,,
,https://ror.org/03vagve85,,,,,,,replace==https://alector.com,,add==alector.com,,,,,,,,,,,,
,https://ror.org/04r0k8112,,,,,,,replace==https://www.adrz.nl,,add==adrz.nl,,,,,,,,,,,,
,https://ror.org/03db92766,,,,,,,replace==https://cdot.in/cdotweb/web/home.php,,add==cdot.in,,,,,,,,,,,,
,https://ror.org/05sze1z59,,,,,,,,,add==athn.org,,,,,,,,,,,,
,https://ror.org/01gjzex58,,,,,,,,,add==bacp.co.uk,,,,,,,,,,,,
,https://ror.org/03f2kwz12,,,,,,,replace==https://www.biaseparations.com,,add==biaseparations.com,,,,,,,,,,,,
,https://ror.org/03d5pp684,,,,,,,replace==https://www.esesjcluny.pt,,add==esesjcluny.pt,,,,,,,,,,,,
,https://ror.org/011h3r445,,,,,,,,,add==etk.fi,,,,,,,,,,,,
,https://ror.org/047b7k736,,,,,,,replace==https://bartimeus.nl,,add==bartimeus.nl,,,,,,,,,,,,
,https://ror.org/01yw95a78,,,,,,,,,add==ucel.edu.ar,,,,,,,,,,,,
,https://ror.org/00vqwjw35,,,,,,,replace==https://eurice.eu,,add==eurice.eu,,,,,,,,,,,,
,https://ror.org/02r3wcw82,,,,,,,replace==https://www.columbiasouthern.edu,,add==columbiasouthern.edu,,,,,,,,,,,,
,https://ror.org/02e0cj066,,,,,,,,,add==adeka.co.jp,,,,,,,,,,,,
,https://ror.org/036f7qt17,,,,,,,replace==https://www.fliedner-fachhochschule.de,,add==fliedner-fachhochschule.de,,,,,,,,,,,,
,https://ror.org/04s2jm085,,,,,,,replace==https://www.georgiancollege.ca,,add==georgiancollege.ca,,,,,,,,,,,,
,https://ror.org/038hbfs18,,,,,,,,,add==deciphera.com,,,,,,,,,,,,
,https://ror.org/02xh1tf34,,,,,,,,,add==globalquakemodel.org,,,,,,,,,,,,
,https://ror.org/04tw5da48,,,,,,,replace==https://www.easternflorida.edu,,add==easternflorida.edu,,,,,,,,,,,,
,https://ror.org/05mm8r061,,,,,,,,,add==heliomare.nl,,,,,,,,,,,,
,https://ror.org/03fm4pf61,,,,,,,replace==https://www.eimv.si,,add==eimv.si,,,,,,,,,,,,
,https://ror.org/042g0n486,,,,,,,,,add==iis-rio.org,,,,,,,,,,,,
,https://ror.org/01mema083,,,,,,,,,add==eau.ac.ae,,,,,,,,,,,,
,https://ror.org/01w00gh50,,,,,,,replace==https://immunome.com,,add==immunome.com,,,,,,,,,,,,
,https://ror.org/009qnrs53,,,,,,,replace==https://www.asepeyo.es,,add==asepeyo.es,,,,,,,,,,,,
,https://ror.org/04xgb0s62,,,,,,,replace==https://www.elms.edu,,add==elms.edu,,,,,,,,,,,,
,https://ror.org/017yqqp60,,,,,,,replace==https://intersect.org.au,,add==intersect.org.au,,,,,,,,,,,,
,https://ror.org/008p13e68,,,,,,,replace==https://farvet.com,,add==farvet.com,,,,,,,,,,,,
,https://ror.org/05tqt7092,,,,,,,replace==https://www.jeffersonstate.edu,,add==jeffersonstate.edu,,,,,,,,,,,,
,https://ror.org/02s7bv320,,,,,,,replace==https://www.intiasa.es/web,,add==intiasa.es,,,,,,,,,,,,
,https://ror.org/00bvzcv50,,,,,,,,,add==harford.edu,,,,,,,,,,,,
,https://ror.org/023dmz362,,,,,,,replace==https://www.finlit.fi,,add==finlit.fi,,,,,,,,,,,,
,https://ror.org/02tce8t86,,,,,,,replace==https://globalclimateforum.org,,add==globalclimateforum.org,,,,,,,,,,,,
,https://ror.org/01fpz6759,,,,,,,,,add==iris-eng.com,,,,,,,,,,,,
,https://ror.org/02amxp214,,,,,,,replace==https://mcu.ac.th,,add==mcu.ac.th,,,,,,,,,,,,
,https://ror.org/0242qw425,,,,,,,replace==https://www.folger.edu,,add==folger.edu,,,,,,,,,,,,
,https://ror.org/05f0azc76,,,,,,,,,add==arpalombardia.it,,,,,,,,,,,,
,https://ror.org/00ht4dp10,,,,,,,,,add==havochvatten.se,,,,,,,,,,,,
,https://ror.org/058n0ks92,,,,,,,,,add==incdmtm.ro,,,,,,,,,,,,
,https://ror.org/038st2x32,,,,,,,,,add==lifenethealth.org,,,,,,,,,,,,
,https://ror.org/02zynam48,,,,,,,replace==https://www.mbfbioscience.com,,add==mbfbioscience.com,,,,,,,,,,,,
,https://ror.org/013gj1r61,,,,,,,replace==https://www.gord.qa,,add==gord.qa,,,,,,,,,,,,
,https://ror.org/030gj2p37,,,,,,,,,add==nijsmellinghe.nl,,,,,,,,,,,,
,https://ror.org/04ggv2982,,,,,,,,,add==piedmont.edu,,,,,,,,,,,,
,https://ror.org/05hkpfm52,,,,,,,replace==https://www.dila.edu.tw,,add==dila.edu.tw,,,,,,,,,,,,
,https://ror.org/04m5wpy84,,,,,,,replace==https://maxar.com,,add==maxar.com,,,,,,,,,,,,
,https://ror.org/007jy0643,,,,,,,,,add==pharmaccess.org,,,,,,,,,,,,
,https://ror.org/02fstjp34,,,,,,,replace==https://www.hfk-bremen.de,,add==hfk-bremen.de,,,,,,,,,,,,
,https://ror.org/02w0kg036,,,,,,,replace==https://nc3rs.org.uk,,add==nc3rs.org.uk,,,,,,,,,,,,
,https://ror.org/01nm14c30,,,,,,,replace==https://www.nwacc.edu,,add==nwacc.edu,,,,,,,,,,,,
,https://ror.org/01xgt0m54,,,,,,,replace==https://www.spital-emmental.ch,,add==spital-emmental.ch,,,,,,,,,,,,
,https://ror.org/03kerd729,,,,,,,replace==https://st3b.ac.id,,add==st3b.ac.id,,,,,,,,,,,,
,https://ror.org/05mwsq745,,,,,,,,,add==oticon.com,,,,,,,,,,,,
,https://ror.org/027bkk623,,,,,,,,,add==stjohn.org.nz,,,,,,,,,,,,
,https://ror.org/04hhyvs94,,,,,,,replace==https://www.tyrens.se,,add==tyrens.se,,,,,,,,,,,,
,https://ror.org/019ae2j05,,,,,,,replace==https://savetheelephants.org,,add==savetheelephants.org,,,,,,,,,,,,
,https://ror.org/03kd1v147,,,,,,,replace==https://www.tvsmotor.com,,add==tvsmotor.com,,,,,,,,,,,,
,https://ror.org/05v5qfp15,,,,,,,replace==https://www.rehasport.pl,,add==rehasport.pl,,,,,,,,,,,,
,https://ror.org/00qghd717,,,,,,,replace==https://www.nav.no,,add==nav.no,,,,,,,,,,,,
,https://ror.org/02fqsc924,,,,,,,replace==https://unilia.ac.mw,,add==unilia.ac.mw,,,,,,,,,,,,
,https://ror.org/05jy9jt03,,,,,,,,,add==sierracollege.edu,,,,,,,,,,,,
,https://ror.org/05914mm11,,,,,,,,,add==unisa.ac.id,,,,,,,,,,,,
,https://ror.org/02qv02186,,,,,,,replace==https://wrc.org.za,,add==wrc.org.za,,,,,,,,,,,,
,https://ror.org/05wfkgx98,,,,,,,replace==https://vniitek.ru,,add==vniitek.ru,,,,,,,,,,,,
,https://ror.org/05sv6xe54,,,,,,,,,add==vismederi.com,,,,,,,,,,,,
,https://ror.org/03txpx007,,,,,,,replace==https://agendia.com,,add==agendia.com,,,,,,,,,,,,
,https://ror.org/033a3s432,,,,,,,replace==https://wszop.edu.pl,,add==wszop.edu.pl,,,,,,,,,,,,
,https://ror.org/00m5rzv47,,,,,,,replace==https://acmit.at,,add==acmit.at,,,,,,,,,,,,
,https://ror.org/0173r0e90,,,,,,,replace==https://arellano.edu.ph,,add==arellano.edu.ph,,,,,,,,,,,,
,https://ror.org/019xk8h36,,,,,,,,,add==axxam.com,,,,,,,,,,,,
,https://ror.org/00b8p9q06,,,,,,,,,add==aubh.edu.bh,,,,,,,,,,,,
,https://ror.org/05mk46e13,,,,,,,replace==https://www.vlb-berlin.org,,add==vlb-berlin.org,,,,,,,,,,,,
,https://ror.org/04p457x22,,,,,,,replace==https://brevard.edu,,add==brevard.edu,,,,,,,,,,,,
,https://ror.org/02cxadc11,,,,,,,replace==https://winrock.org,,add==winrock.org,,,,,,,,,,,,
,https://ror.org/01he0tp29,,,,,,,replace==https://www.bowvalleycollege.ca,,add==bowvalleycollege.ca,,,,,,,,,,,,
,https://ror.org/025zwvh44,,,,,,,replace==https://www.abcellera.com,,add==abcellera.com,,,,,,,,,,,,
,https://ror.org/047eaw227,,,,,,,replace==https://acts-net.org,,add==acts-net.org,,,,,,,,,,,,
,https://ror.org/01fyk0v41,,,,,,,,,add==shimonoseki-cu.ac.jp,,,,,,,,,,,,
,https://ror.org/045ms0x79,,,,,,,replace==https://eelu.edu.eg,,add==eelu.edu.eg,,,,,,,,,,,,
,https://ror.org/000asyx23,,,,,,,,,add==diesse.it,,,,,,,,,,,,
,https://ror.org/027n5mm74,,,,,,,replace==https://debesmscat.edu.ph,,add==debesmscat.edu.ph,,,,,,,,,,,,
,https://ror.org/0403byw97,,,,,,,replace==https://demografia.hu,,add==demografia.hu,,,,,,,,,,,,
,https://ror.org/012a9r338,,,,,,,replace==https://www.bodekerscientific.com,,add==bodekerscientific.com,,,,,,,,,,,,
,https://ror.org/01fsqt491,,,,,,,replace==https://davinci.ac.za,,add==davinci.ac.za,,,,,,,,,,,,
,https://ror.org/05ver4491,,,,,,,replace==https://www.ecmi.de,,add==ecmi.de,,,,,,,,,,,,
,https://ror.org/00bv4hb15,,,,,,,,,add==chwapi.be,,,,,,,,,,,,
,https://ror.org/03wx3r522,,,,,,,replace==https://www.cochrane.de,,add==cochrane.de,,,,,,,,,,,,
,https://ror.org/02394tn51,,,,,,,replace==https://www.columbiabasin.edu,,add==columbiabasin.edu,,,,,,,,,,,,
,https://ror.org/051n06p20,,,,,,,replace==https://esprit-bs.sk,,add==esprit-bs.sk,,,,,,,,,,,,
,https://ror.org/033ynyj02,,,,,,,replace==https://www.filkfreiberg.de,,add==filkfreiberg.de,,,,,,,,,,,,
,https://ror.org/03c06gm48,,,,,,,replace==https://cytomx.com,,add==cytomx.com,,,,,,,,,,,,
,https://ror.org/01yscvc28,,,,,,,,,add==dewv.edu,,,,,,,,,,,,
,https://ror.org/03cmvza02,,,,,,,replace==https://crmgroup.be,,add==crmgroup.be,,,,,,,,,,,,
,https://ror.org/0249bce70,,,,,,,replace==https://gulfcoast.edu,,add==gulfcoast.edu,,,,,,,,,,,,
,https://ror.org/04msbx814,,,,,,,replace==https://www.hmt-leipzig.de,,add==hmt-leipzig.de,,,,,,,,,,,,
,https://ror.org/03y8n3k44,,,,,,,,,add==edogawa-u.ac.jp,,,,,,,,,,,,
,https://ror.org/0581b6d66,,,,,,,replace==https://flemingcollege.ca,,add==flemingcollege.ca,,,,,,,,,,,,
,https://ror.org/00eehvf61,,,,,,,,,add==hkv.nl,,,,,,,,,,,,
,https://ror.org/025jtyf63,,,,,,,replace==https://www.ierc.ie,,add==ierc.ie,,,,,,,,,,,,
,https://ror.org/049zt2w56,,,,,,,replace==https://gws-os.com,,add==gws-os.com,,,,,,,,,,,,
,https://ror.org/05tegpz81,,,,,,,replace==https://istom.fr,,add==istom.fr,,,,,,,,,,,,
,https://ror.org/02fqy5689,,,,,,,,,add==iainfmpapua.ac.id,,,,,,,,,,,,
,https://ror.org/0560ksp05,,,,,,,replace==https://johnabbott.qc.ca,,add==johnabbott.qc.ca,,,,,,,,,,,,
,https://ror.org/01hqp1g48,,,,,,,replace==https://www.hs-kehl.de,,add==hs-kehl.de,,,,,,,,,,,,
,https://ror.org/04d2nkq36,,,,,,,replace==https://ksm.kz,,add==ksm.kz,,,,,,,,,,,,
,https://ror.org/05ds5y270,,,,,,,replace==https://www.idinsight.org,,add==idinsight.org,,,,,,,,,,,,
,https://ror.org/05jext738,,,,,,,,,add==driestar-educatief.nl,,,,,,,,,,,,
,https://ror.org/04pw11t29,,,,,,,,,add==lasra.co.nz,,,,,,,,,,,,
,https://ror.org/01x1xh678,,,,,,,replace==https://muzeumhk.cz,,add==muzeumhk.cz,,,,,,,,,,,,
,https://ror.org/032k6a629,,,,,,,replace==https://massart.edu,,add==massart.edu,,,,,,,,,,,,
,https://ror.org/01ab8hq43,,,,,,,replace==https://open-evidence.com,,add==open-evidence.com,,,,,,,,,,,,
,https://ror.org/01eq4qj27,,,,,,,replace==https://iefp.pt,,add==iefp.pt,,,,,,,,,,,,
,https://ror.org/01dax5b49,,,,,,,replace==https://nid.pl,,add==nid.pl,,,,,,,,,,,,
,https://ror.org/03a5tyh47,,,,,,,replace==https://persongen.com,,add==persongen.com,,,,,,,,,,,,
,https://ror.org/04zd2q353,,,,,,,replace==https://muo.cz,,add==muo.cz,,,,,,,,,,,,
,https://ror.org/00cnme797,,,,,,,replace==https://www.kanazawa-gu.ac.jp,,add==kanazawa-gu.ac.jp,,,,,,,,,,,,
,https://ror.org/00jvxk918,,,,,,,replace==https://quantummotion.tech,,add==quantummotion.tech,,,,,,,,,,,,
,https://ror.org/011bhgb43,,,,,,,replace==https://www.pacifica.edu,,add==pacifica.edu,,,,,,,,,,,,
,https://ror.org/00nthvx56,,,,,,,replace==https://www.kuins.ac.jp,,add==kuins.ac.jp,,,,,,,,,,,,
,https://ror.org/0431zrt90,,,,,,,,,add==scielo.org,,,,,,,,,,,,
,https://ror.org/02kkzc246,,,,,,,,,add==sdmuniversity.edu.in,,,,,,,,,,,,
,https://ror.org/012q11j28,,,,,,,,,add==proqr.com,,,,,,,,,,,,
,https://ror.org/028rev379,,,,,,,replace==https://www.prainc.com,,add==prainc.com,,,,,,,,,,,,
,https://ror.org/04hv4eh07,,,,,,,replace==https://www.rspca.org.uk,,add==rspca.org.uk,,,,,,,,,,,,
,https://ror.org/042rxfh43,,,,,,,,,add==seeqc.com,,,,,,,,,,,,
,https://ror.org/03wezdz19,,,,,,,replace==https://unerg.edu.ve,,add==unerg.edu.ve,,,,,,,,,,,,
,https://ror.org/00m007a06,,,,,,,replace==https://www.shitennoji.ac.jp,,add==shitennoji.ac.jp,,,,,,,,,,,,
,https://ror.org/0567hb468,,,,,,,,,add==sesame.org.jo,,,,,,,,,,,,
,https://ror.org/00z2vfv58,,,,,,,replace==https://www.uw.is,,add==uw.is,,,,,,,,,,,,
,https://ror.org/05bs32x30,,,,,,,replace==https://silvaco.com,,add==silvaco.com,,,,,,,,,,,,
,https://ror.org/03cfeg204,,,,,,,replace==https://sfa.org.ua/index.php/ua,,add==sfa.org.ua,,,,,,,,,,,,
,https://ror.org/018f17m70,,,,,,,replace==https://sveuciliste.unvi.edu.ba,,add==unvi.edu.ba,,,,,,,,,,,,
,https://ror.org/03gtr6m06,,,,,,,replace==https://www.utp.bg,,add==utp.bg,,,,,,,,,,,,
,https://ror.org/054ygw858,,,,,,,replace==https://vsbm.sk,,add==vsbm.sk,,,,,,,,,,,,
,https://ror.org/007xgfy35,,,,,,,replace==https://www.trinasolar.com/en-glb,,add==trinasolar.com,,,,,,,,,,,,
,https://ror.org/043s7kq40,,,,,,,replace==https://www.kingfa.com.cn,,add==kingfa.com.cn,,,,,,,,,,,,
,https://ror.org/03hsaqw61,,,,,,,replace==https://wellspringuniversity.edu.ng,,add==wellspringuniversity.edu.ng,,,,,,,,,,,,
,https://ror.org/01g6xse81,,,,,,,replace==https://www.altasciences.com,,add==altasciences.com,,,,,,,,,,,,
,https://ror.org/05tep8d22,,,,,,,replace==https://annamaria.edu,,add==annamaria.edu,,,,,,,,,,,,
,https://ror.org/023kmsj44,,,,,,,replace==https://www.wings-ict-solutions.eu,,add==wings-ict-solutions.eu,,,,,,,,,,,,
,https://ror.org/00c9gh315,,,,,,,replace==https://solusi.ac.zw,,add==solusi.ac.zw,,,,,,,,,,,,
,https://ror.org/05jr9m050,,,,,,,replace==https://www.bhchp.org,,add==bhchp.org,,,,,,,,,,,,
,https://ror.org/03zsp0254,,,,,,,,,add==aupp.edu.kh,,,,,,,,,,,,
,https://ror.org/05fn2nj53,,,,,,,replace==https://xiliotx.com,,add==xiliotx.com,,,,,,,,,,,,
,https://ror.org/04xa5qt51,,,,,,,replace==https://xlab.si,,add==xlab.si,,,,,,,,,,,,
,https://ror.org/04wkx5d83,,,,,,,replace==https://carpha.org,,add==carpha.org,,,,,,,,,,,,
,https://ror.org/00fgkb535,,,,,,,replace==https://charlestonlaw.edu,,add==charlestonlaw.edu,,,,,,,,,,,,
,https://ror.org/0231n7e68,,,,,,,replace==https://apellis.com,,add==apellis.com,,,,,,,,,,,,
,https://ror.org/00n8j9g10,,,,,,,,,add==corban.edu,,,,,,,,,,,,
,https://ror.org/04fjwpp27,,,,,,,replace==https://www.artcenter.edu,,add==artcenter.edu,,,,,,,,,,,,
,https://ror.org/037mxx572,,,,,,,,,add==aridhia.com,,,,,,,,,,,,
,https://ror.org/01jgbmq74,,,,,,,,,add==askbio.com,,,,,,,,,,,,
,https://ror.org/05ddbab52,,,,,,,replace==https://wsl.com.pl,,add==wsl.com.pl,,,,,,,,,,,,
,https://ror.org/04r0k9g65,,,,,,,replace==https://www.brockmann-consult.de,,add==brockmann-consult.de,,,,,,,,,,,,
,https://ror.org/03wtrat67,,,,,,,replace==https://cihpng.org,,add==cihpng.org,,,,,,,,,,,,
,https://ror.org/049be2c95,,,,,,,,,add==zanasi-alessandro.eu,,,,,,,,,,,,
,https://ror.org/04wm4pe30,,,,,,,replace==https://ccsa.ca,,add==ccsa.ca,,,,,,,,,,,,
,https://ror.org/04fpkm116,,,,,,,replace==https://www.enanta.com,,add==enanta.com,,,,,,,,,,,,
,https://ror.org/048jnwk41,,,,,,,,,add==deviersprong.nl,,,,,,,,,,,,
,https://ror.org/04ykvv917,,,,,,,replace==https://esca.ma,,add==esca.ma,,,,,,,,,,,,
,https://ror.org/050tm0329,,,,,,,replace==https://cde.state.co.us,,add==cde.state.co.us,,,,,,,,,,,,
,https://ror.org/0284j4180,,,,,,,,,add==gardp.org,,,,,,,,,,,,
,https://ror.org/02p8rkx70,,,,,,,,,add==foreonline.org,,,,,,,,,,,,
,https://ror.org/01vdc4k69,,,,,,,replace==https://www.evotec.com/en/solutions/drug-discovery-preclinical-development/cyprotex-adme-tox-solutions,,add==cyprotex.com,,,,,,,,,,,,
,https://ror.org/041nm8c07,,,,,,,replace==https://forwind.de,,add==forwind.de,,,,,,,,,,,,
,https://ror.org/0440ajd58,,,,,,,replace==https://ctm.gdynia.pl,,add==ctm.gdynia.pl,,,,,,,,,,,,
,https://ror.org/04701b233,,,,,,,replace==https://www.ifeu.de,,add==ifeu.de,,,,,,,,,,,,
,https://ror.org/01g7ypx22,,,,,,,,,add==dshs.wa.gov,,,,,,,,,,,,
,https://ror.org/00vf17b40,,,,,,,,,add==emz.hr,,,,,,,,,,,,
,https://ror.org/015mg4834,,,,,,,replace==https://dimagi.com,,add==dimagi.com,,,,,,,,,,,,
,https://ror.org/02rpqwp12,,,,,,,replace==https://institutovita.com.br,,add==institutovita.com.br,,,,,,,,,,,,
,https://ror.org/055663266,,,,,,,replace==https://icp-lj.si,,add==icp-lj.si,,,,,,,,,,,,
,https://ror.org/00mzdcr22,,,,,,,replace==https://www.ginerinc.com,,add==ginerinc.com,,,,,,,,,,,,
,https://ror.org/00nmq2g35,,,,,,,replace==https://irlab.se,,add==irlab.se,,,,,,,,,,,,
,https://ror.org/04mmf1y69,,,,,,,replace==https://cimp.ac.in,,add==cimp.ac.in,,,,,,,,,,,,
,https://ror.org/02bfxj795,,,,,,,replace==https://hanonsystems.com,,add==hanonsystems.com,,,,,,,,,,,,
,https://ror.org/01q103038,,,,,,,replace==https://www.iss.sm/on-line/home.html,,add==iss.sm,,,,,,,,,,,,
,https://ror.org/01zs84n26,,,,,,,replace==https://iubip.ru,,add==iubip.ru,,,,,,,,,,,,
,https://ror.org/040823y46,,,,,,,replace==https://www.gtec.at,,add==gtec.at,,,,,,,,,,,,
,https://ror.org/01sx6jc36,,,,,,,replace==https://www.interceptpharma.com,,add==interceptpharma.com,,,,,,,,,,,,
,https://ror.org/02mbc1535,,,,,,,replace==https://www.iphc.int,,add==iphc.int,,,,,,,,,,,,
,https://ror.org/030sq7c39,,,,,,,,,add==ima.it,,,,,,,,,,,,
,https://ror.org/029e5ny19,,,,,,,,,add==levvel.nl,,,,,,,,,,,,
,https://ror.org/01x7j0342,,,,,,,replace==https://lgti.ac.tz,,add==lgti.ac.tz,,,,,,,,,,,,
,https://ror.org/021gpgt46,,,,,,,replace==https://www.menlosystems.com,,add==menlosystems.com,,,,,,,,,,,,
,https://ror.org/02kz5f065,,,,,,,,,add==mhc.ab.ca,,,,,,,,,,,,
,https://ror.org/031kxs331,,,,,,,replace==https://www.kmkg-mrah.be,,add==kmkg-mrah.be,,,,,,,,,,,,
,https://ror.org/04bdan579,,,,,,,replace==https://www.nrh.ie,,add==nrh.ie,,,,,,,,,,,,
,https://ror.org/03wghsd36,,,,,,,replace==https://norsvin.no,,add==norsvin.no,,,,,,,,,,,,
,https://ror.org/015kg8q36,,,,,,,replace==https://nusrlranchi.ac.in,,add==nusrlranchi.ac.in,,,,,,,,,,,,
,https://ror.org/04tegn361,,,,,,,,,add==nubl.org,,,,,,,,,,,,
,https://ror.org/0552tvm72,,,,,,,,,add==parlament.gv.at,,,,,,,,,,,,
,https://ror.org/01wm6dg61,,,,,,,replace==https://www.pivotbio.com,,add==pivotbio.com,,,,,,,,,,,,
,https://ror.org/02mfpez21,,,,,,,replace==https://pdmfc.com,,add==pdmfc.com,,,,,,,,,,,,
,https://ror.org/00ft4te83,,,,,,,,,add==nivs.rs,,,,,,,,,,,,
,https://ror.org/00p3g3670,,,,,,,replace==https://www.ose-immuno.com,,add==ose-immuno.com,,,,,,,,,,,,
,https://ror.org/05cdcvx65,,,,,,,replace==https://metro.edu.ph,,add==metro.edu.ph,,,,,,,,,,,,
,https://ror.org/005c60751,,,,,,,replace==https://www.raritanval.edu,,add==raritanval.edu,,,,,,,,,,,,
,https://ror.org/00pw7tr34,,,,,,,replace==https://oceanfdn.org,,add==oceanfdn.org,,,,,,,,,,,,
,https://ror.org/03b98ms23,,,,,,,replace==https://savingcranes.org,,add==savingcranes.org,,,,,,,,,,,,
,https://ror.org/059pxp552,,,,,,,replace==https://rbu.ac.in,,add==rbu.ac.in,,,,,,,,,,,,
,https://ror.org/05cv9ex33,,,,,,,replace==https://sinergija.edu.ba,,add==sinergija.edu.ba,,,,,,,,,,,,
,https://ror.org/00vss0n50,,,,,,,replace==https://www.reinhardt.edu,,add==reinhardt.edu,,,,,,,,,,,,
,https://ror.org/05nz57427,,,,,,,replace==https://stritch.edu,,add==stritch.edu,,,,,,,,,,,,
,https://ror.org/02b028e39,,,,,,,replace==https://shm.se,,add==shm.se,,,,,,,,,,,,
,https://ror.org/025ye0d12,,,,,,,replace==https://kans.pl,,add==kpswjg.pl,,,,,,,,,,,,
,https://ror.org/03sd6kg46,,,,,,,,,add==supernus.com,,,,,,,,,,,,
,https://ror.org/05hsp8041,,,,,,,replace==https://www.patientslikeme.com/?format=html,,add==patientslikeme.com,,,,,,,,,,,,
,https://ror.org/0556an218,,,,,,,replace==https://tescan.com,,add==tescan.com,,,,,,,,,,,,
,https://ror.org/02d84sx83,,,,,,,,,add==oroboros.at,,,,,,,,,,,,
,https://ror.org/020bm8k34,,,,,,,replace==https://rcu.ac.zw,,add==rcu.ac.zw,,,,,,,,,,,,
,https://ror.org/03kbe9m86,,,,,,,replace==https://svsu.ac.in,,add==svsu.ac.in,,,,,,,,,,,,
,https://ror.org/03w1cw951,,,,,,,replace==https://umaza.edu.ar,,add==umaza.edu.ar,,,,,,,,,,,,
,https://ror.org/00jcw6451,,,,,,,,,add==umad.edu.mx,,,,,,,,,,,,
,https://ror.org/017sgna85,,,,,,,replace==https://umcsn.com,,add==umcsn.com,,,,,,,,,,,,
,https://ror.org/05a5v7410,,,,,,,replace==https://tbs.go.tz,,add==tbs.go.tz,,,,,,,,,,,,
,https://ror.org/027fdd835,,,,,,,,,add==vaniercollege.qc.ca,,,,,,,,,,,,
,https://ror.org/02hyahm52,,,,,,,replace==https://ujsas.ac.ir,,add==ujsas.ac.ir,,,,,,,,,,,,
,https://ror.org/0129z0867,,,,,,,replace==https://unipiaget-angola.org,,add==unipiaget-angola.org,,,,,,,,,,,,
,https://ror.org/04581yq69,,,,,,,replace==https://www.specialolympics.org,,add==specialolympics.org,,,,,,,,,,,,
,https://ror.org/02sbj8547,,,,,,,replace==https://www.waynesburg.edu,,add==waynesburg.edu,,,,,,,,,,,,
,https://ror.org/0163r0829,,,,,,,replace==https://www.veleknin.hr,,add==veleknin.hr,,,,,,,,,,,,
,https://ror.org/02sjhcw37,,,,,,,replace==https://accenttx.com,,add==accenttx.com,,,,,,,,,,,,
,https://ror.org/048d4j826,,,,,,,replace==https://unitaspalembang.ac.id,,add==unitaspalembang.ac.id,,,,,,,,,,,,
,https://ror.org/02kgjkj09,,,,,,,,,add==vividion.com,,,,,,,,,,,,
,https://ror.org/014pcm848,,,,,,,,,add==asn-online.org,,,,,,,,,,,,
,https://ror.org/00pffe521,,,,,,,,,add==aju.ac.zw,,,,,,,,,,,,
,https://ror.org/007a35n65,,,,,,,replace==https://wananga.ac.nz,,add==wananga.ac.nz,,,,,,,,,,,,
,https://ror.org/00mesrk97,,,,,,,,,add==barton.edu,,,,,,,,,,,,
,https://ror.org/039bc5x74,,,,,,,replace==https://www.belhaven.edu,,add==belhaven.edu,,,,,,,,,,,,
,https://ror.org/00nbsc253,,,,,,,replace==https://www.apesa.fr,,add==apesa.fr,,,,,,,,,,,,
,https://ror.org/02x4mx473,,,,,,,replace==https://bcrc.be,,add==bcrc.be,,,,,,,,,,,,
,https://ror.org/03ngp7731,,,,,,,,,add==1-act.com,,,,,,,,,,,,
,https://ror.org/02zws9h76,,,,,,,replace==https://www.biopticka.cz/cz,,add==biopticka.cz,,,,,,,,,,,,
,https://ror.org/001g7ce71,,,,,,,replace==https://www.btgworld.com,,add==btgworld.com,,,,,,,,,,,,
,https://ror.org/039d42y17,,,,,,,replace==https://biotalentum.eu,,add==biotalentum.hu,,,,,,,,,,,,
,https://ror.org/00xq3k060,,,,,,,replace==https://catuc.org,,add==catuc.org,,,,,,,,,,,,
,https://ror.org/02ag0aq56,,,,,,,,,add==cetem.es,,,,,,,,,,,,
,https://ror.org/03vcp9d79,,,,,,,,,add==bidpa.bw,,,,,,,,,,,,
,https://ror.org/04m8g8w48,,,,,,,,,add==certe.nl,,,,,,,,,,,,
,https://ror.org/03nxed310,,,,,,,replace==https://chinada.cn,,add==chinada.cn,,,,,,,,,,,,
,https://ror.org/0468t7w37,,,,,,,replace==https://www.ptcdb.edu.ps,,add==ptcdb.edu.ps,,,,,,,,,,,,
,https://ror.org/023esdc37,,,,,,,,,add==awf.org,,,,,,,,,,,,
,https://ror.org/00g6vqe09,,,,,,,,,add==asuragen.com,,,,,,,,,,,,
,https://ror.org/05w3cd862,,,,,,,replace==https://cottey.edu,,add==cottey.edu,,,,,,,,,,,,
,https://ror.org/03n0gvg35,,,,,,,,,add==batchelor.edu.au,,,,,,,,,,,,
,https://ror.org/04n5aqd27,,,,,,,replace==https://www.unionky.edu,,add==unionky.edu,,,,,,,,,,,,
,https://ror.org/05xs68x02,,,,,,,replace==https://www.anticancerfund.org,,add==anticancerfund.org,,,,,,,,,,,,
,https://ror.org/02sbh2p55,,,,,,,replace==https://www.nordex-online.com,,add==nordex-online.com,,,,,,,,,,,,
,https://ror.org/058c0xb46,,,,,,,replace==https://crohnsandcolitis.org.uk,,add==crohnsandcolitis.org.uk,,,,,,,,,,,,
,https://ror.org/02g570e80,,,,,,,,,add==cyclolab.hu,,,,,,,,,,,,
,https://ror.org/01whfz932,,,,,,,replace==https://bsac.by,,add==bsac.by,,,,,,,,,,,,
,https://ror.org/02qsf1r97,,,,,,,replace==https://www.assaf.org.za,,add==assaf.org.za,,,,,,,,,,,,
,https://ror.org/034dp0092,,,,,,,replace==https://ctnc.es,,add==ctnc.es,,,,,,,,,,,,
,https://ror.org/04w23p232,,,,,,,replace==https://www.eh-darmstadt.de,,add==eh-darmstadt.de,,,,,,,,,,,,
,https://ror.org/031jv9v19,,,,,,,replace==https://www.edctp.org,,add==edctp.org,,,,,,,,,,,,
,https://ror.org/0173bhk64,,,,,,,,,add==eaeu.edu.sd,,,,,,,,,,,,
,https://ror.org/02vtemz45,,,,,,,replace==https://discoveryprogramme.ie,,add==discoveryprogramme.ie,,,,,,,,,,,,
,https://ror.org/03z1ygw19,,,,,,,replace==https://www.eucken.de,,add==eucken.de,,,,,,,,,,,,
,https://ror.org/01vaj9161,,,,,,,replace==https://churchdwight.com,,add==churchdwight.com,,,,,,,,,,,,
,https://ror.org/0139s2465,,,,,,,,,add==enterome.com,,,,,,,,,,,,
,https://ror.org/004qxjv96,,,,,,,,,add==concern.net,,,,,,,,,,,,
,https://ror.org/050asrz41,,,,,,,,,add==bge.de,,,,,,,,,,,,
,https://ror.org/04255rd16,,,,,,,replace==https://www.crc.ie,,add==crc.ie,,,,,,,,,,,,
,https://ror.org/0366mhr44,,,,,,,,,add==gct.org.in,,,,,,,,,,,,
,https://ror.org/03n0d3a30,,,,,,,replace==https://dallascounty.org,,add==dallascounty.org,,,,,,,,,,,,
,https://ror.org/04bv2e296,,,,,,,replace==https://www.five.es,,add==five.es,,,,,,,,,,,,
,https://ror.org/04q2w0g82,,,,,,,replace==https://www.glenville.edu,,add==glenville.edu,,,,,,,,,,,,
,https://ror.org/01bx6mz39,,,,,,,replace==https://www.dekonta.cz,,add==dekonta.cz,,,,,,,,,,,,
,https://ror.org/043pjwk57,,,,,,,,,add==dnanexus.com,,,,,,,,,,,,
,https://ror.org/0530gr416,,,,,,,replace==https://www.helsana.ch/de/private.html,,add==helsana.ch,,,,,,,,,,,,
,https://ror.org/02jkgvx03,,,,,,,,,add==edutus.hu,,,,,,,,,,,,
,https://ror.org/03vg6va04,,,,,,,replace==https://hsdf.org.ng,,add==hsdf.org.ng,,,,,,,,,,,,
,https://ror.org/03gzxs418,,,,,,,,,add==hs-ludwigsburg.de,,,,,,,,,,,,
,https://ror.org/02ay1ht66,,,,,,,replace==https://www.biophics.org,,add==biophics.org,,,,,,,,,,,,
,https://ror.org/01zqypb88,,,,,,,replace==https://www.ifib.de/start,,add==ifib.de,,,,,,,,,,,,
,https://ror.org/02sdafq46,,,,,,,replace==https://www.ceamat.com,,add==ceamat.com,,,,,,,,,,,,
,https://ror.org/03m3g5338,,,,,,,replace==https://ibs.org.pl,,add==ibs.org.pl,,,,,,,,,,,,
,https://ror.org/05j5jkn24,,,,,,,,,add==knology.org,,,,,,,,,,,,
,https://ror.org/03bqhc746,,,,,,,replace==https://www.keystone.edu,,add==keystone.edu,,,,,,,,,,,,
,https://ror.org/043c66817,,,,,,,replace==https://www.ifaw.org,,add==ifaw.org,,,,,,,,,,,,
,https://ror.org/0022yfe36,,,,,,,,,add==lnma.edu.ua,,,,,,,,,,,,
,https://ror.org/0415n4468,,,,,,,replace==https://irees.de,,add==irees.de,,,,,,,,,,,,
,https://ror.org/01zcmnc43,,,,,,,,,add==me-med.com,,,,,,,,,,,,
,https://ror.org/05kx0wb86,,,,,,,replace==https://www.mackenziehealth.ca,,add==mackenziehealth.ca,,,,,,,,,,,,
,https://ror.org/022r3pj76,,,,,,,replace==https://www.iuacj.edu.uy/IUACJ,,add==iuacj.edu.uy,,,,,,,,,,,,
,https://ror.org/03wq3ma67,,,,,,,replace==https://myf-egypt.org,,add==myf-egypt.org,,,,,,,,,,,,
,https://ror.org/00p6ghq98,,,,,,,replace==https://www.hkpc.org/zh-HK,,add==hkpc.org,,,,,,,,,,,,
,https://ror.org/02x402970,,,,,,,,,add==ipronics.com,,,,,,,,,,,,
,https://ror.org/05r61jg22,,,,,,,,,add==oikon.hr,,,,,,,,,,,,
,https://ror.org/009ramd78,,,,,,,replace==https://www.pau.ac.pg,,add==pau.ac.pg,,,,,,,,,,,,
,https://ror.org/02hkdyy22,,,,,,,,,add==onesource.pt,,,,,,,,,,,,
,https://ror.org/05gj5ka88,,,,,,,replace==https://ndl.go.jp,,add==ndl.go.jp,,,,,,,,,,,,
,https://ror.org/00znwxq75,,,,,,,replace==https://neuropace.com,,add==neuropace.com,,,,,,,,,,,,
,https://ror.org/007fp9y47,,,,,,,,,add==rapt.com,,,,,,,,,,,,
,https://ror.org/022a1fs04,,,,,,,replace==https://primeuniversity.edu.bd,,add==primeuniversity.edu.bd,,,,,,,,,,,,
,https://ror.org/04cmmy395,,,,,,,replace==https://rcmrd.org,,add==rcmrd.org,,,,,,,,,,,,
,https://ror.org/01nm6em79,,,,,,,replace==https://www.philogen.com,,add==philogen.com,,,,,,,,,,,,
,https://ror.org/02n352k96,,,,,,,replace==https://ruforum.org,,add==ruforum.org,,,,,,,,,,,,
,https://ror.org/05rjvjy05,,,,,,,replace==https://www.scnr.si,,add==scnr.si,,,,,,,,,,,,
,https://ror.org/03a0kcr96,,,,,,,,,add==silverchair.com,,,,,,,,,,,,
,https://ror.org/05h6np937,,,,,,,,,add==ocon.nl,,,,,,,,,,,,
,https://ror.org/02h4pw461,,,,,,,,,add==accare.nl,,,,,,,,,,,,
,https://ror.org/019hezp12,,,,,,,replace==https://www.synlogictx.com,,add==synlogictx.com,,,,,,,,,,,,
,https://ror.org/05d9bwx91,,,,,,,,,add==rhg.com,,,,,,,,,,,,
,https://ror.org/030rrcn92,,,,,,,replace==https://tcgls.com,,add==tcgls.com,,,,,,,,,,,,
,https://ror.org/04cte7x29,,,,,,,,,add==randox.com,,,,,,,,,,,,
,https://ror.org/03rn4td60,,,,,,,replace==https://www.sandiego.gov,,add==sandiego.gov,,,,,,,,,,,,
,https://ror.org/03s2fjy85,,,,,,,replace==https://www.tua.nl,,add==tua.nl,,,,,,,,,,,,
,https://ror.org/03s8h4161,,,,,,,replace==https://www.trt.it,,add==trt.it,,,,,,,,,,,,
,https://ror.org/05a4p4j42,,,,,,,replace==https://www.mirovni-institut.si,,add==mirovni-institut.si,,,,,,,,,,,,
,https://ror.org/05pft2x28,,,,,,,replace==https://www.umea.se,,add==umea.se,,,,,,,,,,,,
,https://ror.org/0226k0909,,,,,,,replace==https://sosny.bas-net.by,,add==sosny.bas-net.by,,,,,,,,,,,,
,https://ror.org/04jhxpq45,,,,,,,,,add==unibe.edu.py,,,,,,,,,,,,
,https://ror.org/03bm5es30,,,,,,,replace==https://uofd.edu.sd,,add==uofd.edu.sd,,,,,,,,,,,,
,https://ror.org/05r89fw56,,,,,,,replace==https://uvp.mx,,add==uvp.mx,,,,,,,,,,,,
,https://ror.org/050skmv85,,,,,,,replace==https://urniif.ru,,add==urniif.ru,,,,,,,,,,,,
,https://ror.org/05cggb038,,,,,,,replace==https://www.teck.com,,add==teck.com,,,,,,,,,,,,
,https://ror.org/00q4tes89,,,,,,,replace==https://the-bac.edu,,add==the-bac.edu,,,,,,,,,,,,
,https://ror.org/017hmby02,,,,,,,replace==https://www.verwey-jonker.nl,,add==verwey-jonker.nl,,,,,,,,,,,,
,https://ror.org/048s34f25,,,,,,,replace==https://umgeni.co.za,,add==umgeni.co.za,,,,,,,,,,,,
,https://ror.org/05scx8x11,,,,,,,replace==https://www.unaki.ac.id,,add==unaki.ac.id,,,,,,,,,,,,
,https://ror.org/00bcmnq73,,,,,,,replace==https://agr.wa.gov,,add==agr.wa.gov,,,,,,,,,,,,
,https://ror.org/020hwg097,,,,,,,replace==https://www.zvkds.si,,add==zvkds.si,,,,,,,,,,,,
,https://ror.org/019g1wb57,,,,,,,replace==https://aerogen.com,,add==aerogen.com,,,,,,,,,,,,
,https://ror.org/05kvxgx64,,,,,,,replace==https://tasouganda.org,,add==tasouganda.org,,,,,,,,,,,,
,https://ror.org/043nwx769,,,,,,,replace==https://visio.org/home,,add==visio.org,,,,,,,,,,,,
,https://ror.org/03r79dj18,,,,,,,replace==https://anis.org.br,,add==anis.org.br,,,,,,,,,,,,
,https://ror.org/04kzfg204,,,,,,,replace==https://www.apollon-hochschule.de,,add==apollon-hochschule.de,,,,,,,,,,,,
,https://ror.org/05w4yhe96,,,,,,,replace==https://www.auschwitz.org,,add==auschwitz.org,,,,,,,,,,,,
,https://ror.org/034ee8p26,,,,,,,replace==https://www.zeclinics.com,,add==zeclinics.com,,,,,,,,,,,,
,https://ror.org/03nv5gj57,,,,,,,replace==https://bethanylb.edu,,add==bethanylb.edu,,,,,,,,,,,,
,https://ror.org/031my5009,,,,,,,replace==https://aeu.edu.my,,add==aeu.edu.my,,,,,,,,,,,,
,https://ror.org/00xmn9a46,,,,,,,replace==https://alaskasealife.org,,add==alaskasealife.org,,,,,,,,,,,,
,https://ror.org/00kh41v43,,,,,,,replace==http://utnogales.edu.mx,,add==utnogales.edu.mx,,,,,,,,,,,,
,https://ror.org/005sbaa41,,,,,,,replace==https://www.aligntech.com,,add==aligntech.com,,,,,,,,,,,,
,https://ror.org/00wzhk182,,,,,,,replace==https://www.auhs.edu,,add==auhs.edu,,,,,,,,,,,,
,https://ror.org/02cqthz49,,,,,,,replace==https://blueprintgenetics.com,,add==blueprintgenetics.com,,,,,,,,,,,,
,https://ror.org/05cw2qj02,,,,,,,replace==https://cambriancollege.ca,,add==cambriancollege.ca,,,,,,,,,,,,
,https://ror.org/04bkad313,,,,,,,,,add==autismspeaks.org,,,,,,,,,,,,
,https://ror.org/00hfwa053,,,,,,,replace==https://c4xdiscovery.com,,add==c4xdiscovery.com,,,,,,,,,,,,
,https://ror.org/02y7qqd86,,,,,,,replace==https://www.a123systems.com,,add==a123systems.com,,,,,,,,,,,,
,https://ror.org/00rm8g048,,,,,,,replace==https://bharatbiotech.com,,add==bharatbiotech.com,,,,,,,,,,,,
,https://ror.org/04mxfzz97,,,,,,,,,add==conservationfund.org,,,,,,,,,,,,
,https://ror.org/02wn17b67,,,,,,,replace==https://www.arkray.co.jp/japanese/index.html,,add==arkray.co.jp,,,,,,,,,,,,
,https://ror.org/02jep5960,,,,,,,replace==https://cansinotech.com,,add==cansinotech.com,,,,,,,,,,,,
,https://ror.org/03gyd9q58,,,,,,,replace==https://www.annoroad.com,,add==annoroad.com,,,,,,,,,,,,
,https://ror.org/01w3ec513,,,,,,,replace==https://www.arnothealth.org,,add==arnothealth.org,,,,,,,,,,,,
,https://ror.org/0124x7055,,,,,,,,,add==cdti.es,,,,,,,,,,,,
,https://ror.org/035914451,,,,,,,,,add==ctaex.com,,,,,,,,,,,,
,https://ror.org/01vtndz62,,,,,,,replace==https://www.buv.edu.vn,,add==buv.edu.vn,,,,,,,,,,,,
,https://ror.org/02y92d036,,,,,,,replace==https://www.ch-lerouvray.fr,,add==ch-lerouvray.fr,,,,,,,,,,,,
,https://ror.org/00gesa309,,,,,,,replace==https://www.ceesar.fr,,add==ceesar.fr,,,,,,,,,,,,
,https://ror.org/006vvv981,,,,,,,,,add==biolegend.com,,,,,,,,,,,,
,https://ror.org/05qmxat05,,,,,,,replace==https://www.consorci.org,,add==consorci.org,,,,,,,,,,,,
,https://ror.org/047223947,,,,,,,replace==https://fidamc.es,,add==fidamc.es,,,,,,,,,,,,
,https://ror.org/01zy6vk67,,,,,,,replace==https://www.bsu.ac.ug,,add==bsu.ac.ug,,,,,,,,,,,,
,https://ror.org/02tm1xq35,,,,,,,replace==https://www.fu.edu.pk,,add==fu.edu.pk,,,,,,,,,,,,
,https://ror.org/03q5f0t83,,,,,,,,,add==datalyscenter.org,,,,,,,,,,,,
,https://ror.org/00bm1k740,,,,,,,replace==https://dechra.com,,add==dechra.com,,,,,,,,,,,,
,https://ror.org/03cv0r897,,,,,,,,,add==dts.edu,,,,,,,,,,,,
,https://ror.org/02r724415,,,,,,,replace==https://ehs-dresden.de,,add==ehs-dresden.de,,,,,,,,,,,,
,https://ror.org/0428k0n93,,,,,,,,,add==hartwigmedicalfoundation.nl,,,,,,,,,,,,
,https://ror.org/0091xv072,,,,,,,replace==https://www.eramet.com,,add==eramet.com,,,,,,,,,,,,
,https://ror.org/01ztenz65,,,,,,,replace==https://www.chmouscron.be,,add==chmouscron.be,,,,,,,,,,,,
,https://ror.org/059jkdx17,,,,,,,replace==https://hdi.nl,,add==hdi.nl,,,,,,,,,,,,
,https://ror.org/04n13w407,,,,,,,replace==https://www.esta-groupe.fr,,add==esta-groupe.fr,,,,,,,,,,,,
,https://ror.org/03ppkyp25,,,,,,,replace==https://www.hlsenteret.no,,add==hlsenteret.no,,,,,,,,,,,,
,https://ror.org/02bw2pq83,,,,,,,replace==https://www.gpntb.ru,,add==gpntb.ru,,,,,,,,,,,,
,https://ror.org/02grspc61,,,,,,,,,add==huggingface.co,,,,,,,,,,,,
,https://ror.org/011gb2z47,,,,,,,replace==https://www.ch-agen-nerac.fr,,add==ch-agen-nerac.fr,,,,,,,,,,,,
,https://ror.org/02wf15744,,,,,,,,,add==fosterandpartners.com,,,,,,,,,,,,
,https://ror.org/0433hvq53,,,,,,,,,add==gnesin-academy.ru,,,,,,,,,,,,
,https://ror.org/003ms1470,,,,,,,replace==https://www.inflowcontrol.no,,add==inflowcontrol.no,,,,,,,,,,,,
,https://ror.org/02d9tbb08,,,,,,,,,add==hfcc.edu,,,,,,,,,,,,
